simulacao,coluna,teste,onde,p_valor
1,age,shapiro,amostra_1,1.969001628410183e-10
1,age,shapiro,amostra_2,1.3359443759575207e-11
1,age,shapiro,amostra_3,2.0945807588379495e-11
1,bmi,shapiro,amostra_1,1.2752869593679605e-10
1,bmi,shapiro,amostra_2,7.81834527674441e-11
1,bmi,shapiro,amostra_3,1.3246266583610833e-10
1,systolic_bp,shapiro,amostra_1,2.6942899300497203e-11
1,systolic_bp,shapiro,amostra_2,5.0014575814216755e-11
1,systolic_bp,shapiro,amostra_3,7.408795799079826e-12
1,cholesterol_total,shapiro,amostra_1,1.5243589501778843e-08
1,cholesterol_total,shapiro,amostra_2,2.239061158704203e-09
1,cholesterol_total,shapiro,amostra_3,1.4646987789301846e-10
1,mmse,shapiro,amostra_1,1.0639276126767072e-09
1,mmse,shapiro,amostra_2,1.131734896769876e-11
1,mmse,shapiro,amostra_3,9.59612611595162e-10
1,adl,shapiro,amostra_1,1.1646059984438129e-11
1,adl,shapiro,amostra_2,2.5063510294964786e-12
1,adl,shapiro,amostra_3,2.050278141707551e-10
1,age,kruskal,amostra_1_vs_amostra_2,0.45842471254104733
1,age,kruskal,amostra_1_vs_amostra_3,0.1713425795029808
1,age,kruskal,amostra_2_vs_amostra_3,0.041630184682985814
1,bmi,kruskal,amostra_1_vs_amostra_2,0.4639012948427853
1,bmi,kruskal,amostra_1_vs_amostra_3,0.6927201312697007
1,bmi,kruskal,amostra_2_vs_amostra_3,0.7395758010303259
1,systolic_bp,kruskal,amostra_1_vs_amostra_2,0.9155145710608261
1,systolic_bp,kruskal,amostra_1_vs_amostra_3,0.9047727778438407
1,systolic_bp,kruskal,amostra_2_vs_amostra_3,0.9600402838535236
1,cholesterol_total,kruskal,amostra_1_vs_amostra_2,0.5290683094625395
1,cholesterol_total,kruskal,amostra_1_vs_amostra_3,0.827404472549788
1,cholesterol_total,kruskal,amostra_2_vs_amostra_3,0.6475627259927002
1,mmse,kruskal,amostra_1_vs_amostra_2,0.9219126299244782
1,mmse,kruskal,amostra_1_vs_amostra_3,0.7052104432035051
1,mmse,kruskal,amostra_2_vs_amostra_3,0.6206139961159476
1,adl,kruskal,amostra_1_vs_amostra_2,0.8372759229095807
1,adl,kruskal,amostra_1_vs_amostra_3,0.16703183957677428
1,adl,kruskal,amostra_2_vs_amostra_3,0.2341578370647228
1,age,pearson,amostra_1,"[None, 0.33442034962432016, 0.8042364136598026, 0.17810210544973415, 0.6284008572134533, 0.9335183995212348]"
1,age,pearson,amostra_2,"[None, 0.10117820904789535, 0.7204618009574557, 0.709635321502605, 0.06748734613189865, 0.38514057639338034]"
1,age,pearson,amostra_3,"[None, 0.5947546620103219, 0.6013672700203139, 0.2885108252901977, 0.25761611724880307, 0.08067028323326403]"
1,bmi,pearson,amostra_1,"[0.33442034962432016, None, 0.5217741350526933, 0.24804942304843414, 0.8864586196275154, 0.6909355519384528]"
1,bmi,pearson,amostra_2,"[0.10117820904789535, None, 0.5232976938592363, 0.48301926704297143, 0.4914243934027707, 0.9269284066918504]"
1,bmi,pearson,amostra_3,"[0.5947546620103219, None, 0.6509795409249578, 0.3339430699002984, 0.27774029478095197, 0.5531537940630401]"
1,systolic_bp,pearson,amostra_1,"[0.8042364136598026, 0.5217741350526933, None, 0.20393964937806644, 0.11453528514671808, 0.23318984533969273]"
1,systolic_bp,pearson,amostra_2,"[0.7204618009574557, 0.5232976938592363, None, 0.9691679508102672, 0.7580829260016225, 0.04138456925308143]"
1,systolic_bp,pearson,amostra_3,"[0.6013672700203139, 0.6509795409249578, None, 0.10611405176768192, 0.9236234014981987, 0.12085067107481251]"
1,cholesterol_total,pearson,amostra_1,"[0.17810210544973415, 0.24804942304843414, 0.20393964937806644, None, 0.159670606520369, 0.4714688437956379]"
1,cholesterol_total,pearson,amostra_2,"[0.709635321502605, 0.48301926704297143, 0.9691679508102672, None, 0.6450406740181447, 0.8717854680006302]"
1,cholesterol_total,pearson,amostra_3,"[0.2885108252901977, 0.3339430699002984, 0.10611405176768192, None, 0.12354753589277163, 0.698568533854217]"
1,mmse,pearson,amostra_1,"[0.6284008572134533, 0.8864586196275154, 0.11453528514671808, 0.159670606520369, None, 0.26862934075218686]"
1,mmse,pearson,amostra_2,"[0.06748734613189865, 0.4914243934027707, 0.7580829260016225, 0.6450406740181447, None, 0.8532435108937317]"
1,mmse,pearson,amostra_3,"[0.25761611724880307, 0.27774029478095197, 0.9236234014981987, 0.12354753589277163, None, 0.793790659649147]"
1,adl,pearson,amostra_1,"[0.9335183995212348, 0.6909355519384528, 0.23318984533969273, 0.4714688437956379, 0.26862934075218686, None]"
1,adl,pearson,amostra_2,"[0.38514057639338034, 0.9269284066918504, 0.04138456925308143, 0.8717854680006302, 0.8532435108937317, None]"
1,adl,pearson,amostra_3,"[0.08067028323326403, 0.5531537940630401, 0.12085067107481251, 0.698568533854217, 0.793790659649147, None]"
1,age,shapiro,validacao,2.834379595178377e-13
1,bmi,shapiro,validacao,1.8219262903906852e-12
1,systolic_bp,shapiro,validacao,3.1600069783088713e-13
1,cholesterol_total,shapiro,validacao,9.890719319949337e-12
1,mmse,shapiro,validacao,6.373918862330463e-14
1,adl,shapiro,validacao,3.9238343883763946e-15
1,age,kruskal,validacao_vs_amostra_1,0.1749177602531553
1,age,kruskal,validacao_vs_amostra_2,0.5810012548213428
1,age,kruskal,validacao_vs_amostra_3,0.004864385767908193
1,bmi,kruskal,validacao_vs_amostra_1,0.47217004178221367
1,bmi,kruskal,validacao_vs_amostra_2,0.9433411528733261
1,bmi,kruskal,validacao_vs_amostra_3,0.7667732063869667
1,systolic_bp,kruskal,validacao_vs_amostra_1,0.24086783049770413
1,systolic_bp,kruskal,validacao_vs_amostra_2,0.2002858982525932
1,systolic_bp,kruskal,validacao_vs_amostra_3,0.20158270463455594
1,cholesterol_total,kruskal,validacao_vs_amostra_1,0.5286042500242583
1,cholesterol_total,kruskal,validacao_vs_amostra_2,0.9476633254645167
1,cholesterol_total,kruskal,validacao_vs_amostra_3,0.6836263506837752
1,mmse,kruskal,validacao_vs_amostra_1,0.1550531934088675
1,mmse,kruskal,validacao_vs_amostra_2,0.18313855669479462
1,mmse,kruskal,validacao_vs_amostra_3,0.0640510353892897
1,adl,kruskal,validacao_vs_amostra_1,0.019794456623390893
1,adl,kruskal,validacao_vs_amostra_2,0.034498518117843595
1,adl,kruskal,validacao_vs_amostra_3,0.35968058247727974
1,age,pearson,validacao,"[None, 0.8276392448768246, 0.08709209135109139, 0.12979548445853675, 0.267341047408754, 0.29984168730449606]"
1,bmi,pearson,validacao,"[0.8276392448768246, None, 0.23977833502258436, 0.7328922428207539, 0.6710960254083043, 0.8430652902489137]"
1,systolic_bp,pearson,validacao,"[0.08709209135109139, 0.23977833502258436, None, 0.49151390740577616, 0.571063587911261, 0.9399799959860624]"
1,cholesterol_total,pearson,validacao,"[0.12979548445853675, 0.7328922428207539, 0.49151390740577616, None, 0.9376396090304927, 0.4482577895718791]"
1,mmse,pearson,validacao,"[0.267341047408754, 0.6710960254083043, 0.571063587911261, 0.9376396090304927, None, 0.36095876993235365]"
1,adl,pearson,validacao,"[0.29984168730449606, 0.8430652902489137, 0.9399799959860624, 0.4482577895718791, 0.36095876993235365, None]"
2,age,shapiro,amostra_1,5.776236693816328e-12
2,age,shapiro,amostra_2,1.7425376419577532e-10
2,age,shapiro,amostra_3,4.827039462584892e-11
2,bmi,shapiro,amostra_1,5.395223330595389e-12
2,bmi,shapiro,amostra_2,9.776338766309678e-11
2,bmi,shapiro,amostra_3,9.354321484078554e-11
2,systolic_bp,shapiro,amostra_1,1.4085267674435187e-10
2,systolic_bp,shapiro,amostra_2,1.070130473124209e-08
2,systolic_bp,shapiro,amostra_3,2.6107322900759122e-11
2,cholesterol_total,shapiro,amostra_1,3.206845899939026e-10
2,cholesterol_total,shapiro,amostra_2,5.832931360139071e-11
2,cholesterol_total,shapiro,amostra_3,2.148917488398183e-09
2,mmse,shapiro,amostra_1,5.6568524170463874e-11
2,mmse,shapiro,amostra_2,4.309464298000304e-13
2,mmse,shapiro,amostra_3,4.4296213919103877e-10
2,adl,shapiro,amostra_1,4.6086204297246525e-11
2,adl,shapiro,amostra_2,1.7810027812346224e-13
2,adl,shapiro,amostra_3,4.664316155533754e-11
2,age,kruskal,amostra_1_vs_amostra_2,0.14071396124320854
2,age,kruskal,amostra_1_vs_amostra_3,0.6871806707687509
2,age,kruskal,amostra_2_vs_amostra_3,0.3056371928917536
2,bmi,kruskal,amostra_1_vs_amostra_2,0.5993957859572197
2,bmi,kruskal,amostra_1_vs_amostra_3,0.0493144300497842
2,bmi,kruskal,amostra_2_vs_amostra_3,0.13055742582637042
2,systolic_bp,kruskal,amostra_1_vs_amostra_2,0.6758903911861718
2,systolic_bp,kruskal,amostra_1_vs_amostra_3,0.4278032882834423
2,systolic_bp,kruskal,amostra_2_vs_amostra_3,0.6031018084810724
2,cholesterol_total,kruskal,amostra_1_vs_amostra_2,0.5627975670623893
2,cholesterol_total,kruskal,amostra_1_vs_amostra_3,0.17372448152460923
2,cholesterol_total,kruskal,amostra_2_vs_amostra_3,0.45128778358052846
2,mmse,kruskal,amostra_1_vs_amostra_2,0.20332007797242785
2,mmse,kruskal,amostra_1_vs_amostra_3,0.5480576177933043
2,mmse,kruskal,amostra_2_vs_amostra_3,0.4424307715156105
2,adl,kruskal,amostra_1_vs_amostra_2,0.738707555414287
2,adl,kruskal,amostra_1_vs_amostra_3,0.6397746146716454
2,adl,kruskal,amostra_2_vs_amostra_3,0.9356237664416133
2,age,pearson,amostra_1,"[None, 0.5057566750940973, 0.1298230565519146, 0.8853606607997777, 0.6724182076587379, 0.27232263246893074]"
2,age,pearson,amostra_2,"[None, 0.3991896995577153, 0.43513748481988324, 0.35231712109933094, 0.3922616156268043, 0.1094588136025323]"
2,age,pearson,amostra_3,"[None, 0.3265129618699777, 0.900637510500519, 0.323094947276949, 0.9620318898053892, 0.22991103608946648]"
2,bmi,pearson,amostra_1,"[0.5057566750940973, None, 0.09666167255930848, 0.36079276497582496, 0.9550737153013421, 0.897756280684048]"
2,bmi,pearson,amostra_2,"[0.3991896995577153, None, 0.21382854403865292, 0.9794035206260694, 0.7243036731128901, 0.9628385707625435]"
2,bmi,pearson,amostra_3,"[0.3265129618699777, None, 0.8876292906821073, 0.33624600922389664, 0.8116326347779993, 0.9254766398631293]"
2,systolic_bp,pearson,amostra_1,"[0.1298230565519146, 0.09666167255930848, None, 0.7955241934256111, 0.8560355496273692, 0.9599283677193267]"
2,systolic_bp,pearson,amostra_2,"[0.43513748481988324, 0.21382854403865292, None, 0.028788605818414467, 0.9230580424848388, 0.31834379263516377]"
2,systolic_bp,pearson,amostra_3,"[0.900637510500519, 0.8876292906821073, None, 0.14537971496451418, 0.3852386435851438, 0.4208198441166899]"
2,cholesterol_total,pearson,amostra_1,"[0.8853606607997777, 0.36079276497582496, 0.7955241934256111, None, 0.8045130670713786, 0.7339466720042547]"
2,cholesterol_total,pearson,amostra_2,"[0.35231712109933094, 0.9794035206260694, 0.028788605818414467, None, 0.41948701481417167, 0.09545121581026433]"
2,cholesterol_total,pearson,amostra_3,"[0.323094947276949, 0.33624600922389664, 0.14537971496451418, None, 0.7467430805056104, 0.27046965337957446]"
2,mmse,pearson,amostra_1,"[0.6724182076587379, 0.9550737153013421, 0.8560355496273692, 0.8045130670713786, None, 0.43348920087252535]"
2,mmse,pearson,amostra_2,"[0.3922616156268043, 0.7243036731128901, 0.9230580424848388, 0.41948701481417167, None, 0.640551078928663]"
2,mmse,pearson,amostra_3,"[0.9620318898053892, 0.8116326347779993, 0.3852386435851438, 0.7467430805056104, None, 0.985125483642422]"
2,adl,pearson,amostra_1,"[0.27232263246893074, 0.897756280684048, 0.9599283677193267, 0.7339466720042547, 0.43348920087252535, None]"
2,adl,pearson,amostra_2,"[0.1094588136025323, 0.9628385707625435, 0.31834379263516377, 0.09545121581026433, 0.640551078928663, None]"
2,adl,pearson,amostra_3,"[0.22991103608946648, 0.9254766398631293, 0.4208198441166899, 0.27046965337957446, 0.985125483642422, None]"
2,age,shapiro,validacao,7.443313543645247e-14
2,bmi,shapiro,validacao,7.729628298102503e-14
2,systolic_bp,shapiro,validacao,2.7801694865541016e-13
2,cholesterol_total,shapiro,validacao,1.3995058584237441e-11
2,mmse,shapiro,validacao,3.8290619047871843e-13
2,adl,shapiro,validacao,8.385223938811581e-13
2,age,kruskal,validacao_vs_amostra_1,0.02741137972981749
2,age,kruskal,validacao_vs_amostra_2,0.4815888098283869
2,age,kruskal,validacao_vs_amostra_3,0.06990628856615182
2,bmi,kruskal,validacao_vs_amostra_1,0.031168171506271453
2,bmi,kruskal,validacao_vs_amostra_2,0.10111255772294962
2,bmi,kruskal,validacao_vs_amostra_3,0.9946620426839247
2,systolic_bp,kruskal,validacao_vs_amostra_1,0.19137225318552994
2,systolic_bp,kruskal,validacao_vs_amostra_2,0.31932334030046194
2,systolic_bp,kruskal,validacao_vs_amostra_3,0.7257913199303605
2,cholesterol_total,kruskal,validacao_vs_amostra_1,0.6485299429402156
2,cholesterol_total,kruskal,validacao_vs_amostra_2,0.28613056526105995
2,cholesterol_total,kruskal,validacao_vs_amostra_3,0.04585978768345922
2,mmse,kruskal,validacao_vs_amostra_1,0.15995283381811115
2,mmse,kruskal,validacao_vs_amostra_2,0.9123707262456855
2,mmse,kruskal,validacao_vs_amostra_3,0.4428244983819257
2,adl,kruskal,validacao_vs_amostra_1,0.12370135733981338
2,adl,kruskal,validacao_vs_amostra_2,0.28473128996921665
2,adl,kruskal,validacao_vs_amostra_3,0.29812179785277493
2,age,pearson,validacao,"[None, 0.5688083791341138, 0.3531046497081354, 0.8546404675290543, 0.5470218281154479, 0.24539915705895318]"
2,bmi,pearson,validacao,"[0.5688083791341138, None, 0.7251503123341477, 0.41440206050111444, 0.5421410480035845, 0.5232081699905334]"
2,systolic_bp,pearson,validacao,"[0.3531046497081354, 0.7251503123341477, None, 0.734677704449233, 0.34580270932067686, 0.39346004829744546]"
2,cholesterol_total,pearson,validacao,"[0.8546404675290543, 0.41440206050111444, 0.734677704449233, None, 0.3064730318263046, 0.2796260692772687]"
2,mmse,pearson,validacao,"[0.5470218281154479, 0.5421410480035845, 0.34580270932067686, 0.3064730318263046, None, 0.4637462522340853]"
2,adl,pearson,validacao,"[0.24539915705895318, 0.5232081699905334, 0.39346004829744546, 0.2796260692772687, 0.4637462522340853, None]"
3,age,shapiro,amostra_1,4.0379560806158565e-10
3,age,shapiro,amostra_2,2.5785484858431573e-11
3,age,shapiro,amostra_3,3.386611269196038e-10
3,bmi,shapiro,amostra_1,2.3214740893506836e-11
3,bmi,shapiro,amostra_2,1.9728504940808023e-10
3,bmi,shapiro,amostra_3,3.147774055300978e-11
3,systolic_bp,shapiro,amostra_1,4.51837352255513e-11
3,systolic_bp,shapiro,amostra_2,3.97557403664095e-10
3,systolic_bp,shapiro,amostra_3,1.9663704258626735e-12
3,cholesterol_total,shapiro,amostra_1,3.5565392852987543e-09
3,cholesterol_total,shapiro,amostra_2,1.9673749296345022e-09
3,cholesterol_total,shapiro,amostra_3,1.2629312040601803e-09
3,mmse,shapiro,amostra_1,1.8726286146741877e-11
3,mmse,shapiro,amostra_2,5.5376338931045765e-11
3,mmse,shapiro,amostra_3,3.985320684574134e-10
3,adl,shapiro,amostra_1,1.5564017089020332e-11
3,adl,shapiro,amostra_2,1.9360481967600762e-11
3,adl,shapiro,amostra_3,7.743987200624358e-13
3,age,kruskal,amostra_1_vs_amostra_2,0.7648579875329747
3,age,kruskal,amostra_1_vs_amostra_3,0.6229407223964661
3,age,kruskal,amostra_2_vs_amostra_3,0.42090122365299876
3,bmi,kruskal,amostra_1_vs_amostra_2,0.3231938370428686
3,bmi,kruskal,amostra_1_vs_amostra_3,0.9565814200906799
3,bmi,kruskal,amostra_2_vs_amostra_3,0.31939018470214814
3,systolic_bp,kruskal,amostra_1_vs_amostra_2,0.26204441155513475
3,systolic_bp,kruskal,amostra_1_vs_amostra_3,0.2966680913050612
3,systolic_bp,kruskal,amostra_2_vs_amostra_3,0.9296224325133335
3,cholesterol_total,kruskal,amostra_1_vs_amostra_2,0.5931922090430167
3,cholesterol_total,kruskal,amostra_1_vs_amostra_3,0.39909252077374635
3,cholesterol_total,kruskal,amostra_2_vs_amostra_3,0.16636555612739717
3,mmse,kruskal,amostra_1_vs_amostra_2,0.6771307678076903
3,mmse,kruskal,amostra_1_vs_amostra_3,0.8061611063352461
3,mmse,kruskal,amostra_2_vs_amostra_3,0.8396729175084144
3,adl,kruskal,amostra_1_vs_amostra_2,0.7518626923438644
3,adl,kruskal,amostra_1_vs_amostra_3,0.8557902095132834
3,adl,kruskal,amostra_2_vs_amostra_3,0.6218775605484106
3,age,pearson,amostra_1,"[None, 0.9936624557899695, 0.5395834680608697, 0.7942750838477457, 0.14388523808597703, 0.9453154254477522]"
3,age,pearson,amostra_2,"[None, 0.9111151699802762, 0.9279614599370929, 0.2798791140168976, 0.8648167376086621, 0.4856876354951854]"
3,age,pearson,amostra_3,"[None, 0.8003336518107683, 0.6521877275204863, 0.8527898190878832, 0.22286866699251634, 0.6561211289508662]"
3,bmi,pearson,amostra_1,"[0.9936624557899695, None, 0.4944789439877885, 0.7493476548744308, 0.20619423031812445, 0.13803139944284054]"
3,bmi,pearson,amostra_2,"[0.9111151699802762, None, 0.09242536567758809, 0.7877231220794194, 0.5639425229194844, 0.1642248193176193]"
3,bmi,pearson,amostra_3,"[0.8003336518107683, None, 0.6485912346471925, 0.8814993500266431, 0.04232085489163538, 0.45413323852444076]"
3,systolic_bp,pearson,amostra_1,"[0.5395834680608697, 0.4944789439877885, None, 0.9333202659665711, 0.9058518490871384, 0.9300185698912926]"
3,systolic_bp,pearson,amostra_2,"[0.9279614599370929, 0.09242536567758809, None, 0.48246651016405795, 0.1326310103535349, 0.6317566669226852]"
3,systolic_bp,pearson,amostra_3,"[0.6521877275204863, 0.6485912346471925, None, 0.941701129858214, 0.6908803487626104, 0.32452316719288304]"
3,cholesterol_total,pearson,amostra_1,"[0.7942750838477457, 0.7493476548744308, 0.9333202659665711, None, 0.5099563671091798, 0.017670013954251426]"
3,cholesterol_total,pearson,amostra_2,"[0.2798791140168976, 0.7877231220794194, 0.48246651016405795, None, 0.36866456302836675, 0.9267555574144795]"
3,cholesterol_total,pearson,amostra_3,"[0.8527898190878832, 0.8814993500266431, 0.941701129858214, None, 0.7295146517700812, 0.34571857949422036]"
3,mmse,pearson,amostra_1,"[0.14388523808597703, 0.20619423031812445, 0.9058518490871384, 0.5099563671091798, None, 0.27433144307749363]"
3,mmse,pearson,amostra_2,"[0.8648167376086621, 0.5639425229194844, 0.1326310103535349, 0.36866456302836675, None, 0.023428442676071384]"
3,mmse,pearson,amostra_3,"[0.22286866699251634, 0.04232085489163538, 0.6908803487626104, 0.7295146517700812, None, 0.7490264866624173]"
3,adl,pearson,amostra_1,"[0.9453154254477522, 0.13803139944284054, 0.9300185698912926, 0.017670013954251426, 0.27433144307749363, None]"
3,adl,pearson,amostra_2,"[0.4856876354951854, 0.1642248193176193, 0.6317566669226852, 0.9267555574144795, 0.023428442676071384, None]"
3,adl,pearson,amostra_3,"[0.6561211289508662, 0.45413323852444076, 0.32452316719288304, 0.34571857949422036, 0.7490264866624173, None]"
3,age,shapiro,validacao,3.976162050978692e-14
3,bmi,shapiro,validacao,3.195964543359353e-12
3,systolic_bp,shapiro,validacao,2.3439247504725147e-13
3,cholesterol_total,shapiro,validacao,4.495230956132884e-14
3,mmse,shapiro,validacao,1.9118403691772978e-13
3,adl,shapiro,validacao,1.0732493588511485e-14
3,age,kruskal,validacao_vs_amostra_1,0.6405547598709791
3,age,kruskal,validacao_vs_amostra_2,0.38972387310214796
3,age,kruskal,validacao_vs_amostra_3,0.9674991554736776
3,bmi,kruskal,validacao_vs_amostra_1,0.6110668468521914
3,bmi,kruskal,validacao_vs_amostra_2,0.5607967588223084
3,bmi,kruskal,validacao_vs_amostra_3,0.5979427230128643
3,systolic_bp,kruskal,validacao_vs_amostra_1,0.2181077534971479
3,systolic_bp,kruskal,validacao_vs_amostra_2,0.9528329571625007
3,systolic_bp,kruskal,validacao_vs_amostra_3,0.9408675899883627
3,cholesterol_total,kruskal,validacao_vs_amostra_1,0.8844409385003985
3,cholesterol_total,kruskal,validacao_vs_amostra_2,0.46349208286382637
3,cholesterol_total,kruskal,validacao_vs_amostra_3,0.4736050736374281
3,mmse,kruskal,validacao_vs_amostra_1,0.4670475693198507
3,mmse,kruskal,validacao_vs_amostra_2,0.7517156229899692
3,mmse,kruskal,validacao_vs_amostra_3,0.5759175330092058
3,adl,kruskal,validacao_vs_amostra_1,0.5994245758999168
3,adl,kruskal,validacao_vs_amostra_2,0.3806993458721091
3,adl,kruskal,validacao_vs_amostra_3,0.794305830269182
3,age,pearson,validacao,"[None, 0.5537468034818319, 0.8940186847622669, 0.9279907748099867, 0.8972747592779915, 0.6411503891160399]"
3,bmi,pearson,validacao,"[0.5537468034818319, None, 0.5627929436881229, 0.6478977003810267, 0.9124122594841461, 0.28716501333217265]"
3,systolic_bp,pearson,validacao,"[0.8940186847622669, 0.5627929436881229, None, 0.9678501207217852, 0.8430405484018803, 0.7654167868409603]"
3,cholesterol_total,pearson,validacao,"[0.9279907748099867, 0.6478977003810267, 0.9678501207217852, None, 0.6263213722748494, 0.04314578057730046]"
3,mmse,pearson,validacao,"[0.8972747592779915, 0.9124122594841461, 0.8430405484018803, 0.6263213722748494, None, 0.1193387006352213]"
3,adl,pearson,validacao,"[0.6411503891160399, 0.28716501333217265, 0.7654167868409603, 0.04314578057730046, 0.1193387006352213, None]"
4,age,shapiro,amostra_1,7.696797366119057e-11
4,age,shapiro,amostra_2,5.308467641157444e-12
4,age,shapiro,amostra_3,6.621386078320413e-11
4,bmi,shapiro,amostra_1,2.3048617181498088e-10
4,bmi,shapiro,amostra_2,6.292059928636462e-11
4,bmi,shapiro,amostra_3,1.0488912516315452e-10
4,systolic_bp,shapiro,amostra_1,3.8158623483219856e-10
4,systolic_bp,shapiro,amostra_2,9.424626357112942e-11
4,systolic_bp,shapiro,amostra_3,6.28063781538124e-11
4,cholesterol_total,shapiro,amostra_1,5.851598094963606e-10
4,cholesterol_total,shapiro,amostra_2,7.965900161721606e-11
4,cholesterol_total,shapiro,amostra_3,1.5051591084613847e-09
4,mmse,shapiro,amostra_1,1.5922280161007052e-10
4,mmse,shapiro,amostra_2,3.0577148452115566e-11
4,mmse,shapiro,amostra_3,8.67577971269684e-12
4,adl,shapiro,amostra_1,1.7110601130410075e-11
4,adl,shapiro,amostra_2,2.3979553152170263e-12
4,adl,shapiro,amostra_3,1.4151981453033868e-12
4,age,kruskal,amostra_1_vs_amostra_2,0.7653453700211259
4,age,kruskal,amostra_1_vs_amostra_3,0.8485887037222157
4,age,kruskal,amostra_2_vs_amostra_3,0.5820526876961578
4,bmi,kruskal,amostra_1_vs_amostra_2,0.372016388764115
4,bmi,kruskal,amostra_1_vs_amostra_3,0.8155749178272951
4,bmi,kruskal,amostra_2_vs_amostra_3,0.2570113675113209
4,systolic_bp,kruskal,amostra_1_vs_amostra_2,0.6193252935105114
4,systolic_bp,kruskal,amostra_1_vs_amostra_3,0.9018378886408729
4,systolic_bp,kruskal,amostra_2_vs_amostra_3,0.559579100677058
4,cholesterol_total,kruskal,amostra_1_vs_amostra_2,0.6177300504453185
4,cholesterol_total,kruskal,amostra_1_vs_amostra_3,0.08634775981010967
4,cholesterol_total,kruskal,amostra_2_vs_amostra_3,0.24685530280454004
4,mmse,kruskal,amostra_1_vs_amostra_2,0.1667572530722445
4,mmse,kruskal,amostra_1_vs_amostra_3,0.9275976261594723
4,mmse,kruskal,amostra_2_vs_amostra_3,0.15294129917508498
4,adl,kruskal,amostra_1_vs_amostra_2,0.7735885178641629
4,adl,kruskal,amostra_1_vs_amostra_3,0.5932806312921982
4,adl,kruskal,amostra_2_vs_amostra_3,0.8348804234211534
4,age,pearson,amostra_1,"[None, 0.6303846935593214, 0.45641646249203444, 0.48363921917947295, 0.9133136842995991, 0.4927639089576516]"
4,age,pearson,amostra_2,"[None, 0.38136359317245305, 0.3882175617926865, 0.672030657398778, 0.30817129077617483, 0.8806354454927507]"
4,age,pearson,amostra_3,"[None, 0.8955760323139119, 0.377953344086224, 0.5461993614933431, 0.7495711312241805, 0.8788277656225792]"
4,bmi,pearson,amostra_1,"[0.6303846935593214, None, 0.7608123003106927, 0.6290179648524608, 0.7302400231676272, 0.839332245246257]"
4,bmi,pearson,amostra_2,"[0.38136359317245305, None, 0.9012258804141245, 0.24241745114912203, 0.06697105295296071, 0.10984049278804496]"
4,bmi,pearson,amostra_3,"[0.8955760323139119, None, 0.14142726687961982, 0.11552747046767337, 0.6269610469916146, 0.8065641558053587]"
4,systolic_bp,pearson,amostra_1,"[0.45641646249203444, 0.7608123003106927, None, 0.13285188780773247, 0.7649106796803405, 0.24574848709902525]"
4,systolic_bp,pearson,amostra_2,"[0.3882175617926865, 0.9012258804141245, None, 0.8004621178080343, 0.5329656012931391, 0.09974345642412248]"
4,systolic_bp,pearson,amostra_3,"[0.377953344086224, 0.14142726687961982, None, 0.42292615720536453, 0.3382409545663864, 0.8434036065056281]"
4,cholesterol_total,pearson,amostra_1,"[0.48363921917947295, 0.6290179648524608, 0.13285188780773247, None, 0.29654311649066084, 0.874545040541684]"
4,cholesterol_total,pearson,amostra_2,"[0.672030657398778, 0.24241745114912203, 0.8004621178080343, None, 0.13431379174263072, 0.9789917090371041]"
4,cholesterol_total,pearson,amostra_3,"[0.5461993614933431, 0.11552747046767337, 0.42292615720536453, None, 0.3306065973683314, 0.07650152007549976]"
4,mmse,pearson,amostra_1,"[0.9133136842995991, 0.7302400231676272, 0.7649106796803405, 0.29654311649066084, None, 0.2703046361752203]"
4,mmse,pearson,amostra_2,"[0.30817129077617483, 0.06697105295296071, 0.5329656012931391, 0.13431379174263072, None, 0.7208269792518539]"
4,mmse,pearson,amostra_3,"[0.7495711312241805, 0.6269610469916146, 0.3382409545663864, 0.3306065973683314, None, 0.2968309112809548]"
4,adl,pearson,amostra_1,"[0.4927639089576516, 0.839332245246257, 0.24574848709902525, 0.874545040541684, 0.2703046361752203, None]"
4,adl,pearson,amostra_2,"[0.8806354454927507, 0.10984049278804496, 0.09974345642412248, 0.9789917090371041, 0.7208269792518539, None]"
4,adl,pearson,amostra_3,"[0.8788277656225792, 0.8065641558053587, 0.8434036065056281, 0.07650152007549976, 0.2968309112809548, None]"
4,age,shapiro,validacao,2.954994376361958e-13
4,bmi,shapiro,validacao,6.3173849831899e-12
4,systolic_bp,shapiro,validacao,1.5876421000354107e-13
4,cholesterol_total,shapiro,validacao,4.852873203113617e-13
4,mmse,shapiro,validacao,4.1125580724091573e-14
4,adl,shapiro,validacao,3.5948970037759376e-13
4,age,kruskal,validacao_vs_amostra_1,0.4761733103610718
4,age,kruskal,validacao_vs_amostra_2,0.2949337020233488
4,age,kruskal,validacao_vs_amostra_3,0.6072644066194139
4,bmi,kruskal,validacao_vs_amostra_1,0.8284391141314358
4,bmi,kruskal,validacao_vs_amostra_2,0.4042019232431079
4,bmi,kruskal,validacao_vs_amostra_3,0.6608495461728632
4,systolic_bp,kruskal,validacao_vs_amostra_1,0.36316176464599026
4,systolic_bp,kruskal,validacao_vs_amostra_2,0.15779895679582814
4,systolic_bp,kruskal,validacao_vs_amostra_3,0.4420395776742392
4,cholesterol_total,kruskal,validacao_vs_amostra_1,0.19428963936695187
4,cholesterol_total,kruskal,validacao_vs_amostra_2,0.4512838942300499
4,cholesterol_total,kruskal,validacao_vs_amostra_3,0.6403234863232367
4,mmse,kruskal,validacao_vs_amostra_1,0.26264130207359876
4,mmse,kruskal,validacao_vs_amostra_2,0.7082810468708083
4,mmse,kruskal,validacao_vs_amostra_3,0.2536614599638216
4,adl,kruskal,validacao_vs_amostra_1,0.879238105716163
4,adl,kruskal,validacao_vs_amostra_2,0.6196585493024005
4,adl,kruskal,validacao_vs_amostra_3,0.4693071782873336
4,age,pearson,validacao,"[None, 0.6743983052568314, 0.8955696125106957, 0.8629675982798043, 0.5174995222065666, 0.1531719286673313]"
4,bmi,pearson,validacao,"[0.6743983052568314, None, 0.10586555580637952, 0.6983958423723519, 0.5941639901501244, 0.8716199421709103]"
4,systolic_bp,pearson,validacao,"[0.8955696125106957, 0.10586555580637952, None, 0.3517086240339361, 0.41852111167903044, 0.31968216175506214]"
4,cholesterol_total,pearson,validacao,"[0.8629675982798043, 0.6983958423723519, 0.3517086240339361, None, 0.5705781097184344, 0.6270018037765503]"
4,mmse,pearson,validacao,"[0.5174995222065666, 0.5941639901501244, 0.41852111167903044, 0.5705781097184344, None, 0.9884843489361286]"
4,adl,pearson,validacao,"[0.1531719286673313, 0.8716199421709103, 0.31968216175506214, 0.6270018037765503, 0.9884843489361286, None]"
5,age,shapiro,amostra_1,2.023285844421352e-10
5,age,shapiro,amostra_2,9.873264011917016e-11
5,age,shapiro,amostra_3,3.047804716937996e-11
5,bmi,shapiro,amostra_1,9.123860555959595e-10
5,bmi,shapiro,amostra_2,1.203036698038673e-10
5,bmi,shapiro,amostra_3,1.1128989951814106e-09
5,systolic_bp,shapiro,amostra_1,5.827997529017637e-10
5,systolic_bp,shapiro,amostra_2,1.3789873409830733e-10
5,systolic_bp,shapiro,amostra_3,1.60530352899535e-10
5,cholesterol_total,shapiro,amostra_1,1.844002311957027e-10
5,cholesterol_total,shapiro,amostra_2,4.3888173650863394e-10
5,cholesterol_total,shapiro,amostra_3,2.43073006167549e-09
5,mmse,shapiro,amostra_1,1.8504401136376636e-11
5,mmse,shapiro,amostra_2,4.630779440462085e-11
5,mmse,shapiro,amostra_3,2.036551309536616e-11
5,adl,shapiro,amostra_1,1.8101570589679206e-11
5,adl,shapiro,amostra_2,2.0975391562538803e-11
5,adl,shapiro,amostra_3,6.819872357816115e-12
5,age,kruskal,amostra_1_vs_amostra_2,0.3102464411651317
5,age,kruskal,amostra_1_vs_amostra_3,0.9216652044213688
5,age,kruskal,amostra_2_vs_amostra_3,0.37167218309994554
5,bmi,kruskal,amostra_1_vs_amostra_2,0.9451823152332258
5,bmi,kruskal,amostra_1_vs_amostra_3,0.4681229115924731
5,bmi,kruskal,amostra_2_vs_amostra_3,0.5137095988781877
5,systolic_bp,kruskal,amostra_1_vs_amostra_2,0.3618642465764901
5,systolic_bp,kruskal,amostra_1_vs_amostra_3,0.49863184340226896
5,systolic_bp,kruskal,amostra_2_vs_amostra_3,0.8055509207861296
5,cholesterol_total,kruskal,amostra_1_vs_amostra_2,0.934607421104917
5,cholesterol_total,kruskal,amostra_1_vs_amostra_3,0.2853835261602169
5,cholesterol_total,kruskal,amostra_2_vs_amostra_3,0.32784766251896424
5,mmse,kruskal,amostra_1_vs_amostra_2,0.20743604470189167
5,mmse,kruskal,amostra_1_vs_amostra_3,0.2935290356923459
5,mmse,kruskal,amostra_2_vs_amostra_3,0.8357785622819557
5,adl,kruskal,amostra_1_vs_amostra_2,0.8481741256578665
5,adl,kruskal,amostra_1_vs_amostra_3,0.8963836147728854
5,adl,kruskal,amostra_2_vs_amostra_3,0.7371648277708905
5,age,pearson,amostra_1,"[None, 0.4631818386172115, 0.8541148946097659, 0.14629136695617156, 0.6083344379799571, 0.7224854841528882]"
5,age,pearson,amostra_2,"[None, 0.19855064640929218, 0.2860146933479604, 0.08322949460678965, 0.6728853305088051, 0.1620155736341841]"
5,age,pearson,amostra_3,"[None, 0.9375384585209778, 0.875866876650225, 0.6948614248099121, 0.9281256005365918, 0.712981816791628]"
5,bmi,pearson,amostra_1,"[0.4631818386172115, None, 0.5383294426791931, 0.22125438892836996, 0.8596136587459632, 0.9066402881972885]"
5,bmi,pearson,amostra_2,"[0.19855064640929218, None, 0.45644095370294163, 0.4767527515935628, 0.1960095657912191, 0.19587235220717886]"
5,bmi,pearson,amostra_3,"[0.9375384585209778, None, 0.42510811086794725, 0.48209908238870164, 0.07655536219611495, 0.5661490037494811]"
5,systolic_bp,pearson,amostra_1,"[0.8541148946097659, 0.5383294426791931, None, 0.6283120901220991, 0.5371674243422815, 0.5086633464078286]"
5,systolic_bp,pearson,amostra_2,"[0.2860146933479604, 0.45644095370294163, None, 0.4998780798458643, 0.545120492914455, 0.5759720984871266]"
5,systolic_bp,pearson,amostra_3,"[0.875866876650225, 0.42510811086794725, None, 0.493460084801773, 0.1405309105152307, 0.21731272310960797]"
5,cholesterol_total,pearson,amostra_1,"[0.14629136695617156, 0.22125438892836996, 0.6283120901220991, None, 0.630176030709611, 0.9534836559431776]"
5,cholesterol_total,pearson,amostra_2,"[0.08322949460678965, 0.4767527515935628, 0.4998780798458643, None, 0.31318065306219306, 0.522896986921971]"
5,cholesterol_total,pearson,amostra_3,"[0.6948614248099121, 0.48209908238870164, 0.493460084801773, None, 0.033990679115072614, 0.9651535987137959]"
5,mmse,pearson,amostra_1,"[0.6083344379799571, 0.8596136587459632, 0.5371674243422815, 0.630176030709611, None, 0.8215342450279888]"
5,mmse,pearson,amostra_2,"[0.6728853305088051, 0.1960095657912191, 0.545120492914455, 0.31318065306219306, None, 0.7552448636229298]"
5,mmse,pearson,amostra_3,"[0.9281256005365918, 0.07655536219611495, 0.1405309105152307, 0.033990679115072614, None, 0.7090476591083721]"
5,adl,pearson,amostra_1,"[0.7224854841528882, 0.9066402881972885, 0.5086633464078286, 0.9534836559431776, 0.8215342450279888, None]"
5,adl,pearson,amostra_2,"[0.1620155736341841, 0.19587235220717886, 0.5759720984871266, 0.522896986921971, 0.7552448636229298, None]"
5,adl,pearson,amostra_3,"[0.712981816791628, 0.5661490037494811, 0.21731272310960797, 0.9651535987137959, 0.7090476591083721, None]"
5,age,shapiro,validacao,6.31461503637458e-14
5,bmi,shapiro,validacao,2.365132151542146e-14
5,systolic_bp,shapiro,validacao,2.2830150855739084e-13
5,cholesterol_total,shapiro,validacao,3.733971953249343e-13
5,mmse,shapiro,validacao,4.794726356401047e-13
5,adl,shapiro,validacao,7.583776509068659e-15
5,age,kruskal,validacao_vs_amostra_1,0.8982579226395578
5,age,kruskal,validacao_vs_amostra_2,0.22274826622619598
5,age,kruskal,validacao_vs_amostra_3,0.8182280590052212
5,bmi,kruskal,validacao_vs_amostra_1,0.9541494335982118
5,bmi,kruskal,validacao_vs_amostra_2,0.9212959079792269
5,bmi,kruskal,validacao_vs_amostra_3,0.4055143430328886
5,systolic_bp,kruskal,validacao_vs_amostra_1,0.04805801819787246
5,systolic_bp,kruskal,validacao_vs_amostra_2,0.33638733558818773
5,systolic_bp,kruskal,validacao_vs_amostra_3,0.23283797939757137
5,cholesterol_total,kruskal,validacao_vs_amostra_1,0.7567246421054252
5,cholesterol_total,kruskal,validacao_vs_amostra_2,0.8165197986930213
5,cholesterol_total,kruskal,validacao_vs_amostra_3,0.3868405795978085
5,mmse,kruskal,validacao_vs_amostra_1,0.02510031750842079
5,mmse,kruskal,validacao_vs_amostra_2,0.39832755944182374
5,mmse,kruskal,validacao_vs_amostra_3,0.27074002321471646
5,adl,kruskal,validacao_vs_amostra_1,0.2022699868372021
5,adl,kruskal,validacao_vs_amostra_2,0.1374081261233635
5,adl,kruskal,validacao_vs_amostra_3,0.28613056526105995
5,age,pearson,validacao,"[None, 0.6245655749204063, 0.9202041049822338, 0.9847094381176014, 0.6270367817799817, 0.33542335880071295]"
5,bmi,pearson,validacao,"[0.6245655749204063, None, 0.5031271946694114, 0.60964605730031, 0.9222866660971267, 0.2384711247395898]"
5,systolic_bp,pearson,validacao,"[0.9202041049822338, 0.5031271946694114, None, 0.4340147351052084, 0.9877916950938874, 0.42472413010080795]"
5,cholesterol_total,pearson,validacao,"[0.9847094381176014, 0.60964605730031, 0.4340147351052084, None, 0.9240736717056178, 0.4565377822289513]"
5,mmse,pearson,validacao,"[0.6270367817799817, 0.9222866660971267, 0.9877916950938874, 0.9240736717056178, None, 0.6403480180983071]"
5,adl,pearson,validacao,"[0.33542335880071295, 0.2384711247395898, 0.42472413010080795, 0.4565377822289513, 0.6403480180983071, None]"
6,age,shapiro,amostra_1,4.3657690310117125e-12
6,age,shapiro,amostra_2,8.730426104275324e-12
6,age,shapiro,amostra_3,1.4208861138457346e-13
6,bmi,shapiro,amostra_1,4.3481063194406033e-10
6,bmi,shapiro,amostra_2,3.237126955379921e-10
6,bmi,shapiro,amostra_3,8.26109874951797e-11
6,systolic_bp,shapiro,amostra_1,4.6872401793240925e-11
6,systolic_bp,shapiro,amostra_2,8.659074152150836e-11
6,systolic_bp,shapiro,amostra_3,3.8597184476296675e-11
6,cholesterol_total,shapiro,amostra_1,2.5010112036927268e-11
6,cholesterol_total,shapiro,amostra_2,3.307156978826775e-11
6,cholesterol_total,shapiro,amostra_3,8.050735078590776e-10
6,mmse,shapiro,amostra_1,4.892102695164269e-11
6,mmse,shapiro,amostra_2,5.4075074279458235e-11
6,mmse,shapiro,amostra_3,1.0393113453188718e-10
6,adl,shapiro,amostra_1,7.366985493861833e-12
6,adl,shapiro,amostra_2,2.4817268465954223e-12
6,adl,shapiro,amostra_3,1.5107547157722223e-11
6,age,kruskal,amostra_1_vs_amostra_2,0.8430792824960668
6,age,kruskal,amostra_1_vs_amostra_3,0.5809015001026342
6,age,kruskal,amostra_2_vs_amostra_3,0.7353731054411465
6,bmi,kruskal,amostra_1_vs_amostra_2,0.39873530824377235
6,bmi,kruskal,amostra_1_vs_amostra_3,0.41456120959953535
6,bmi,kruskal,amostra_2_vs_amostra_3,0.9890893463499376
6,systolic_bp,kruskal,amostra_1_vs_amostra_2,0.12197476045446731
6,systolic_bp,kruskal,amostra_1_vs_amostra_3,0.47485484076872275
6,systolic_bp,kruskal,amostra_2_vs_amostra_3,0.4195151897118963
6,cholesterol_total,kruskal,amostra_1_vs_amostra_2,0.5750218371940864
6,cholesterol_total,kruskal,amostra_1_vs_amostra_3,0.1937727011642451
6,cholesterol_total,kruskal,amostra_2_vs_amostra_3,0.4715783579905948
6,mmse,kruskal,amostra_1_vs_amostra_2,0.35169881339900766
6,mmse,kruskal,amostra_1_vs_amostra_3,0.034201095173482
6,mmse,kruskal,amostra_2_vs_amostra_3,0.23305420260374185
6,adl,kruskal,amostra_1_vs_amostra_2,0.7213181337627332
6,adl,kruskal,amostra_1_vs_amostra_3,0.09601175938273959
6,adl,kruskal,amostra_2_vs_amostra_3,0.19224304060386183
6,age,pearson,amostra_1,"[None, 0.5238205752452031, 0.7933363619260017, 0.6946037650731743, 0.3236234350029882, 0.7976240458495523]"
6,age,pearson,amostra_2,"[None, 0.660247036941823, 0.14607952147306927, 0.9661597028661465, 0.5696886058736782, 0.8515523233866777]"
6,age,pearson,amostra_3,"[None, 0.6735760676705709, 0.16102077537501494, 0.46430074479964034, 0.9563224410037521, 0.9546656169715092]"
6,bmi,pearson,amostra_1,"[0.5238205752452031, None, 0.3727032577976057, 0.8739020449536746, 0.23087523120539896, 0.963108737533654]"
6,bmi,pearson,amostra_2,"[0.660247036941823, None, 0.9901387405472739, 0.06146124848358128, 0.05861572868543782, 0.9422267593332533]"
6,bmi,pearson,amostra_3,"[0.6735760676705709, None, 0.612710156683974, 0.903011863075952, 0.9184664528768409, 0.5948799553990348]"
6,systolic_bp,pearson,amostra_1,"[0.7933363619260017, 0.3727032577976057, None, 0.9145605758829206, 0.4186436282869995, 0.9142369275277288]"
6,systolic_bp,pearson,amostra_2,"[0.14607952147306927, 0.9901387405472739, None, 0.4196633995171135, 0.21069257938238548, 0.25645429451068935]"
6,systolic_bp,pearson,amostra_3,"[0.16102077537501494, 0.612710156683974, None, 0.6433503214851508, 0.03502962247941755, 0.6216906531709335]"
6,cholesterol_total,pearson,amostra_1,"[0.6946037650731743, 0.8739020449536746, 0.9145605758829206, None, 0.11749563249817654, 0.6087180143069971]"
6,cholesterol_total,pearson,amostra_2,"[0.9661597028661465, 0.06146124848358128, 0.4196633995171135, None, 0.6493955949844101, 0.24625294140243523]"
6,cholesterol_total,pearson,amostra_3,"[0.46430074479964034, 0.903011863075952, 0.6433503214851508, None, 0.5183888337806084, 0.2412685080403786]"
6,mmse,pearson,amostra_1,"[0.3236234350029882, 0.23087523120539896, 0.4186436282869995, 0.11749563249817654, None, 0.7009114227614754]"
6,mmse,pearson,amostra_2,"[0.5696886058736782, 0.05861572868543782, 0.21069257938238548, 0.6493955949844101, None, 0.3240694401492208]"
6,mmse,pearson,amostra_3,"[0.9563224410037521, 0.9184664528768409, 0.03502962247941755, 0.5183888337806084, None, 0.32859239856609096]"
6,adl,pearson,amostra_1,"[0.7976240458495523, 0.963108737533654, 0.9142369275277288, 0.6087180143069971, 0.7009114227614754, None]"
6,adl,pearson,amostra_2,"[0.8515523233866777, 0.9422267593332533, 0.25645429451068935, 0.24625294140243523, 0.3240694401492208, None]"
6,adl,pearson,amostra_3,"[0.9546656169715092, 0.5948799553990348, 0.6216906531709335, 0.2412685080403786, 0.32859239856609096, None]"
6,age,shapiro,validacao,4.1003935273217773e-13
6,bmi,shapiro,validacao,2.588676343596996e-13
6,systolic_bp,shapiro,validacao,1.354786102096897e-13
6,cholesterol_total,shapiro,validacao,2.469731884280346e-12
6,mmse,shapiro,validacao,4.987313188299647e-13
6,adl,shapiro,validacao,8.8870137784176e-15
6,age,kruskal,validacao_vs_amostra_1,0.012642794024489142
6,age,kruskal,validacao_vs_amostra_2,0.021372399454092427
6,age,kruskal,validacao_vs_amostra_3,0.08337368237891758
6,bmi,kruskal,validacao_vs_amostra_1,0.7043897435657099
6,bmi,kruskal,validacao_vs_amostra_2,0.593104696720091
6,bmi,kruskal,validacao_vs_amostra_3,0.6222599981116673
6,systolic_bp,kruskal,validacao_vs_amostra_1,0.13026164507081947
6,systolic_bp,kruskal,validacao_vs_amostra_2,0.8911733442841366
6,systolic_bp,kruskal,validacao_vs_amostra_3,0.4609794664833258
6,cholesterol_total,kruskal,validacao_vs_amostra_1,0.07206760672359323
6,cholesterol_total,kruskal,validacao_vs_amostra_2,0.23842710518545762
6,cholesterol_total,kruskal,validacao_vs_amostra_3,0.6776557081676502
6,mmse,kruskal,validacao_vs_amostra_1,0.4019113138489817
6,mmse,kruskal,validacao_vs_amostra_2,0.8572629627894454
6,mmse,kruskal,validacao_vs_amostra_3,0.14479370388272264
6,adl,kruskal,validacao_vs_amostra_1,0.7613006196591577
6,adl,kruskal,validacao_vs_amostra_2,0.4883298466723247
6,adl,kruskal,validacao_vs_amostra_3,0.03491453874812088
6,age,pearson,validacao,"[None, 0.5387299931541902, 0.8141763590335596, 0.8969520741435102, 0.8626731974702201, 0.020810631539432495]"
6,bmi,pearson,validacao,"[0.5387299931541902, None, 0.9570307247083694, 0.2034366538146114, 0.8023347682397494, 0.9143624686211687]"
6,systolic_bp,pearson,validacao,"[0.8141763590335596, 0.9570307247083694, None, 0.05898260662618827, 0.8169476873391495, 0.15254056411968026]"
6,cholesterol_total,pearson,validacao,"[0.8969520741435102, 0.2034366538146114, 0.05898260662618827, None, 0.5285379215911109, 0.5599767167365518]"
6,mmse,pearson,validacao,"[0.8626731974702201, 0.8023347682397494, 0.8169476873391495, 0.5285379215911109, None, 0.4260825628798073]"
6,adl,pearson,validacao,"[0.020810631539432495, 0.9143624686211687, 0.15254056411968026, 0.5599767167365518, 0.4260825628798073, None]"
7,age,shapiro,amostra_1,4.198174585745562e-10
7,age,shapiro,amostra_2,1.7513555883308385e-10
7,age,shapiro,amostra_3,8.359202913199582e-11
7,bmi,shapiro,amostra_1,2.2196926588446964e-11
7,bmi,shapiro,amostra_2,2.2466800989051627e-11
7,bmi,shapiro,amostra_3,9.338974732431282e-11
7,systolic_bp,shapiro,amostra_1,3.797931691362777e-10
7,systolic_bp,shapiro,amostra_2,7.055037110070828e-10
7,systolic_bp,shapiro,amostra_3,3.0901445846609477e-09
7,cholesterol_total,shapiro,amostra_1,8.632531911523245e-10
7,cholesterol_total,shapiro,amostra_2,1.3419140798553997e-10
7,cholesterol_total,shapiro,amostra_3,1.0581368004025649e-09
7,mmse,shapiro,amostra_1,3.689769670356391e-11
7,mmse,shapiro,amostra_2,6.195860491331473e-11
7,mmse,shapiro,amostra_3,1.1050651713140347e-11
7,adl,shapiro,amostra_1,1.2023555762130655e-11
7,adl,shapiro,amostra_2,3.1137391276470083e-11
7,adl,shapiro,amostra_3,1.3584219686613164e-11
7,age,kruskal,amostra_1_vs_amostra_2,0.4604402999563263
7,age,kruskal,amostra_1_vs_amostra_3,0.26866711302862206
7,age,kruskal,amostra_2_vs_amostra_3,0.7047589388299251
7,bmi,kruskal,amostra_1_vs_amostra_2,0.7928320732741259
7,bmi,kruskal,amostra_1_vs_amostra_3,0.4307526161596178
7,bmi,kruskal,amostra_2_vs_amostra_3,0.5931922543650958
7,systolic_bp,kruskal,amostra_1_vs_amostra_2,0.8925334346201774
7,systolic_bp,kruskal,amostra_1_vs_amostra_3,0.1520622769951023
7,systolic_bp,kruskal,amostra_2_vs_amostra_3,0.18869793353329276
7,cholesterol_total,kruskal,amostra_1_vs_amostra_2,0.13540567725589986
7,cholesterol_total,kruskal,amostra_1_vs_amostra_3,0.7259161059199893
7,cholesterol_total,kruskal,amostra_2_vs_amostra_3,0.06448733875049673
7,mmse,kruskal,amostra_1_vs_amostra_2,0.23385649004104506
7,mmse,kruskal,amostra_1_vs_amostra_3,0.5185824416500864
7,mmse,kruskal,amostra_2_vs_amostra_3,0.6190811899949684
7,adl,kruskal,amostra_1_vs_amostra_2,0.49195936247260064
7,adl,kruskal,amostra_1_vs_amostra_3,0.7411201771397746
7,adl,kruskal,amostra_2_vs_amostra_3,0.7336975592394184
7,age,pearson,amostra_1,"[None, 0.5481134542673622, 0.3989239209260883, 0.11766550914159522, 0.7593171005180128, 0.4620985536314275]"
7,age,pearson,amostra_2,"[None, 0.1618768604519216, 0.8186039251897964, 0.9406564979022966, 0.6832165424724144, 0.025055320129875873]"
7,age,pearson,amostra_3,"[None, 0.9060264753675495, 0.9395827403552982, 0.6163700883275983, 0.6294691819651006, 0.4372147379070691]"
7,bmi,pearson,amostra_1,"[0.5481134542673622, None, 0.6971002861877514, 0.3842233136693287, 0.9619473291137145, 0.43529242097615495]"
7,bmi,pearson,amostra_2,"[0.1618768604519216, None, 0.060947005667772274, 0.6638079600591127, 0.8590085581481375, 0.49276183028346304]"
7,bmi,pearson,amostra_3,"[0.9060264753675495, None, 0.14096077533909765, 0.07344818586335566, 0.1010183499775198, 0.7520203472888481]"
7,systolic_bp,pearson,amostra_1,"[0.3989239209260883, 0.6971002861877514, None, 0.3894695936386709, 0.14320976444837272, 0.7258358451256428]"
7,systolic_bp,pearson,amostra_2,"[0.8186039251897964, 0.060947005667772274, None, 0.2798315706987391, 0.03094447289794904, 0.6922041412442517]"
7,systolic_bp,pearson,amostra_3,"[0.9395827403552982, 0.14096077533909765, None, 0.2340739709832579, 0.21100602552549283, 0.7068010112152208]"
7,cholesterol_total,pearson,amostra_1,"[0.11766550914159522, 0.3842233136693287, 0.3894695936386709, None, 0.993857619986057, 0.7220726618597163]"
7,cholesterol_total,pearson,amostra_2,"[0.9406564979022966, 0.6638079600591127, 0.2798315706987391, None, 0.40438463219860593, 0.9990953970067595]"
7,cholesterol_total,pearson,amostra_3,"[0.6163700883275983, 0.07344818586335566, 0.2340739709832579, None, 0.8800636227587902, 0.14619510683100662]"
7,mmse,pearson,amostra_1,"[0.7593171005180128, 0.9619473291137145, 0.14320976444837272, 0.993857619986057, None, 0.7322611655617621]"
7,mmse,pearson,amostra_2,"[0.6832165424724144, 0.8590085581481375, 0.03094447289794904, 0.40438463219860593, None, 0.692886721561565]"
7,mmse,pearson,amostra_3,"[0.6294691819651006, 0.1010183499775198, 0.21100602552549283, 0.8800636227587902, None, 0.5819923782460473]"
7,adl,pearson,amostra_1,"[0.4620985536314275, 0.43529242097615495, 0.7258358451256428, 0.7220726618597163, 0.7322611655617621, None]"
7,adl,pearson,amostra_2,"[0.025055320129875873, 0.49276183028346304, 0.6922041412442517, 0.9990953970067595, 0.692886721561565, None]"
7,adl,pearson,amostra_3,"[0.4372147379070691, 0.7520203472888481, 0.7068010112152208, 0.14619510683100662, 0.5819923782460473, None]"
7,age,shapiro,validacao,1.149687983703629e-13
7,bmi,shapiro,validacao,6.332600459638127e-13
7,systolic_bp,shapiro,validacao,2.2202771847619485e-13
7,cholesterol_total,shapiro,validacao,1.0938577517730086e-12
7,mmse,shapiro,validacao,2.8290756781505777e-13
7,adl,shapiro,validacao,7.640541269061853e-15
7,age,kruskal,validacao_vs_amostra_1,0.8774879782240966
7,age,kruskal,validacao_vs_amostra_2,0.536332802168584
7,age,kruskal,validacao_vs_amostra_3,0.3099461276448359
7,bmi,kruskal,validacao_vs_amostra_1,0.22252396124664736
7,bmi,kruskal,validacao_vs_amostra_2,0.36756589268402085
7,bmi,kruskal,validacao_vs_amostra_3,0.6841960237617606
7,systolic_bp,kruskal,validacao_vs_amostra_1,0.10197763735908
7,systolic_bp,kruskal,validacao_vs_amostra_2,0.13543799867361092
7,systolic_bp,kruskal,validacao_vs_amostra_3,0.8871122536814783
7,cholesterol_total,kruskal,validacao_vs_amostra_1,0.054994428447029405
7,cholesterol_total,kruskal,validacao_vs_amostra_2,0.7743355583586098
7,cholesterol_total,kruskal,validacao_vs_amostra_3,0.019580353125288906
7,mmse,kruskal,validacao_vs_amostra_1,0.47768399109964643
7,mmse,kruskal,validacao_vs_amostra_2,0.5788319897146568
7,mmse,kruskal,validacao_vs_amostra_3,0.9869263601542024
7,adl,kruskal,validacao_vs_amostra_1,0.4303636821580079
7,adl,kruskal,validacao_vs_amostra_2,0.9516781537545427
7,adl,kruskal,validacao_vs_amostra_3,0.6680318787101176
7,age,pearson,validacao,"[None, 0.8046183718709968, 0.40322896433327493, 0.6969782620380672, 0.49410981177724006, 0.8608122582303706]"
7,bmi,pearson,validacao,"[0.8046183718709968, None, 0.3241875233938781, 0.4011500763841109, 0.3890634437432138, 0.10273898305367661]"
7,systolic_bp,pearson,validacao,"[0.40322896433327493, 0.3241875233938781, None, 0.04330674198863282, 0.42388933106980076, 0.03875199071493479]"
7,cholesterol_total,pearson,validacao,"[0.6969782620380672, 0.4011500763841109, 0.04330674198863282, None, 0.2490325354630598, 0.6756960362780274]"
7,mmse,pearson,validacao,"[0.49410981177724006, 0.3890634437432138, 0.42388933106980076, 0.2490325354630598, None, 0.730371151349692]"
7,adl,pearson,validacao,"[0.8608122582303706, 0.10273898305367661, 0.03875199071493479, 0.6756960362780274, 0.730371151349692, None]"
8,age,shapiro,amostra_1,3.4054843389697e-09
8,age,shapiro,amostra_2,1.0532528842144284e-11
8,age,shapiro,amostra_3,5.250361950759341e-11
8,bmi,shapiro,amostra_1,5.654308618541215e-11
8,bmi,shapiro,amostra_2,5.775019906728573e-10
8,bmi,shapiro,amostra_3,6.175930877816427e-10
8,systolic_bp,shapiro,amostra_1,1.898371217168293e-11
8,systolic_bp,shapiro,amostra_2,2.7162511823108915e-11
8,systolic_bp,shapiro,amostra_3,2.112205688131752e-10
8,cholesterol_total,shapiro,amostra_1,1.201321930821564e-09
8,cholesterol_total,shapiro,amostra_2,2.092394479902282e-09
8,cholesterol_total,shapiro,amostra_3,1.4149274807362389e-10
8,mmse,shapiro,amostra_1,2.7291638393656115e-10
8,mmse,shapiro,amostra_2,4.5092974493288196e-11
8,mmse,shapiro,amostra_3,6.922592360458779e-11
8,adl,shapiro,amostra_1,6.1327418837686665e-12
8,adl,shapiro,amostra_2,2.2992226178519815e-11
8,adl,shapiro,amostra_3,2.795800813082394e-10
8,age,kruskal,amostra_1_vs_amostra_2,0.7391377364036771
8,age,kruskal,amostra_1_vs_amostra_3,0.6363714748791713
8,age,kruskal,amostra_2_vs_amostra_3,0.46121421551005015
8,bmi,kruskal,amostra_1_vs_amostra_2,0.9783846025670502
8,bmi,kruskal,amostra_1_vs_amostra_3,0.5288173765110005
8,bmi,kruskal,amostra_2_vs_amostra_3,0.52731319328047
8,systolic_bp,kruskal,amostra_1_vs_amostra_2,0.23974210493117085
8,systolic_bp,kruskal,amostra_1_vs_amostra_3,0.10643678560485305
8,systolic_bp,kruskal,amostra_2_vs_amostra_3,0.6401125655439208
8,cholesterol_total,kruskal,amostra_1_vs_amostra_2,0.1939480955649949
8,cholesterol_total,kruskal,amostra_1_vs_amostra_3,0.7285068193800097
8,cholesterol_total,kruskal,amostra_2_vs_amostra_3,0.09760437748104422
8,mmse,kruskal,amostra_1_vs_amostra_2,0.3565444633856957
8,mmse,kruskal,amostra_1_vs_amostra_3,0.19037594974197813
8,mmse,kruskal,amostra_2_vs_amostra_3,0.026772220134082297
8,adl,kruskal,amostra_1_vs_amostra_2,0.12606630300549146
8,adl,kruskal,amostra_1_vs_amostra_3,0.9806272423681026
8,adl,kruskal,amostra_2_vs_amostra_3,0.11937430947165643
8,age,pearson,amostra_1,"[None, 0.24876155032723563, 0.44353666046424833, 0.4419517624697694, 0.5544910006918273, 0.4034512456811712]"
8,age,pearson,amostra_2,"[None, 0.17727220276763903, 0.9807133973894818, 0.6085564594338456, 0.8689781738721305, 0.0408926017745448]"
8,age,pearson,amostra_3,"[None, 0.1018005981125329, 0.5246682505208616, 0.16171936291341937, 0.8310185068977611, 0.028403352781974055]"
8,bmi,pearson,amostra_1,"[0.24876155032723563, None, 0.955942107869194, 0.6972175718405302, 0.3178002703198174, 0.02270425834204165]"
8,bmi,pearson,amostra_2,"[0.17727220276763903, None, 0.5144148467786869, 0.6762198651242671, 0.29817803220168726, 0.5297067119863486]"
8,bmi,pearson,amostra_3,"[0.1018005981125329, None, 0.7651277535782633, 0.4817714035741836, 0.5039364513566812, 0.6791619711891194]"
8,systolic_bp,pearson,amostra_1,"[0.44353666046424833, 0.955942107869194, None, 0.36322490843331906, 0.5985157948367165, 0.7778078052463503]"
8,systolic_bp,pearson,amostra_2,"[0.9807133973894818, 0.5144148467786869, None, 0.8876989755932841, 0.164711237926932, 0.2570093362247036]"
8,systolic_bp,pearson,amostra_3,"[0.5246682505208616, 0.7651277535782633, None, 0.07998863903639082, 0.17628397387768133, 0.9204460818385842]"
8,cholesterol_total,pearson,amostra_1,"[0.4419517624697694, 0.6972175718405302, 0.36322490843331906, None, 0.015963285996465865, 0.26289415279755396]"
8,cholesterol_total,pearson,amostra_2,"[0.6085564594338456, 0.6762198651242671, 0.8876989755932841, None, 0.5526969442195699, 0.3272673964669143]"
8,cholesterol_total,pearson,amostra_3,"[0.16171936291341937, 0.4817714035741836, 0.07998863903639082, None, 0.8413185982272046, 0.46934138901639977]"
8,mmse,pearson,amostra_1,"[0.5544910006918273, 0.3178002703198174, 0.5985157948367165, 0.015963285996465865, None, 0.12344214515536918]"
8,mmse,pearson,amostra_2,"[0.8689781738721305, 0.29817803220168726, 0.164711237926932, 0.5526969442195699, None, 0.961556524375559]"
8,mmse,pearson,amostra_3,"[0.8310185068977611, 0.5039364513566812, 0.17628397387768133, 0.8413185982272046, None, 0.19862725978593337]"
8,adl,pearson,amostra_1,"[0.4034512456811712, 0.02270425834204165, 0.7778078052463503, 0.26289415279755396, 0.12344214515536918, None]"
8,adl,pearson,amostra_2,"[0.0408926017745448, 0.5297067119863486, 0.2570093362247036, 0.3272673964669143, 0.961556524375559, None]"
8,adl,pearson,amostra_3,"[0.028403352781974055, 0.6791619711891194, 0.9204460818385842, 0.46934138901639977, 0.19862725978593337, None]"
8,age,shapiro,validacao,1.6247833428077035e-14
8,bmi,shapiro,validacao,6.03757156574479e-14
8,systolic_bp,shapiro,validacao,6.319943483476531e-13
8,cholesterol_total,shapiro,validacao,1.4379180138246461e-11
8,mmse,shapiro,validacao,3.745693195173448e-14
8,adl,shapiro,validacao,7.853226159919725e-15
8,age,kruskal,validacao_vs_amostra_1,0.8239622265610507
8,age,kruskal,validacao_vs_amostra_2,0.8597724426544298
8,age,kruskal,validacao_vs_amostra_3,0.5470668803763798
8,bmi,kruskal,validacao_vs_amostra_1,0.7923622679554291
8,bmi,kruskal,validacao_vs_amostra_2,0.8124556727573096
8,bmi,kruskal,validacao_vs_amostra_3,0.6178813475841
8,systolic_bp,kruskal,validacao_vs_amostra_1,0.11873596542438826
8,systolic_bp,kruskal,validacao_vs_amostra_2,0.7537577837689878
8,systolic_bp,kruskal,validacao_vs_amostra_3,0.8290302752426248
8,cholesterol_total,kruskal,validacao_vs_amostra_1,0.9099105026694376
8,cholesterol_total,kruskal,validacao_vs_amostra_2,0.12205411549797644
8,cholesterol_total,kruskal,validacao_vs_amostra_3,0.7458360371136672
8,mmse,kruskal,validacao_vs_amostra_1,0.5882846839221594
8,mmse,kruskal,validacao_vs_amostra_2,0.11913234409634997
8,mmse,kruskal,validacao_vs_amostra_3,0.38027803137433613
8,adl,kruskal,validacao_vs_amostra_1,0.3319113906840315
8,adl,kruskal,validacao_vs_amostra_2,0.5095017710106043
8,adl,kruskal,validacao_vs_amostra_3,0.2826410701323791
8,age,pearson,validacao,"[None, 0.34332305207316327, 0.25570581496626893, 0.08668993849772433, 0.5655932352182311, 0.8926265529394402]"
8,bmi,pearson,validacao,"[0.34332305207316327, None, 0.10775231272414088, 0.76123909607982, 0.8314257203651222, 0.7611375931522234]"
8,systolic_bp,pearson,validacao,"[0.25570581496626893, 0.10775231272414088, None, 0.7827015429149363, 0.9397614315528787, 0.516836558360871]"
8,cholesterol_total,pearson,validacao,"[0.08668993849772433, 0.76123909607982, 0.7827015429149363, None, 0.6298284659674458, 0.22441615040366542]"
8,mmse,pearson,validacao,"[0.5655932352182311, 0.8314257203651222, 0.9397614315528787, 0.6298284659674458, None, 0.49291124480289866]"
8,adl,pearson,validacao,"[0.8926265529394402, 0.7611375931522234, 0.516836558360871, 0.22441615040366542, 0.49291124480289866, None]"
9,age,shapiro,amostra_1,5.887489384903688e-10
9,age,shapiro,amostra_2,7.507797855632603e-11
9,age,shapiro,amostra_3,2.3836030371704453e-10
9,bmi,shapiro,amostra_1,7.451804451275024e-11
9,bmi,shapiro,amostra_2,2.9497926323784895e-10
9,bmi,shapiro,amostra_3,8.420373287520988e-10
9,systolic_bp,shapiro,amostra_1,7.502511389922972e-10
9,systolic_bp,shapiro,amostra_2,2.506592329531987e-11
9,systolic_bp,shapiro,amostra_3,1.9254582303562806e-11
9,cholesterol_total,shapiro,amostra_1,3.054946920433288e-11
9,cholesterol_total,shapiro,amostra_2,6.665114571369202e-10
9,cholesterol_total,shapiro,amostra_3,1.2710021923822978e-10
9,mmse,shapiro,amostra_1,9.874612932891935e-11
9,mmse,shapiro,amostra_2,2.8397856288719936e-10
9,mmse,shapiro,amostra_3,8.144506596918788e-11
9,adl,shapiro,amostra_1,1.5060612479356195e-11
9,adl,shapiro,amostra_2,6.008151007957929e-12
9,adl,shapiro,amostra_3,1.4796165594826993e-12
9,age,kruskal,amostra_1_vs_amostra_2,0.38362477314817023
9,age,kruskal,amostra_1_vs_amostra_3,0.38481578209870015
9,age,kruskal,amostra_2_vs_amostra_3,0.08236917547225561
9,bmi,kruskal,amostra_1_vs_amostra_2,0.36901176258641544
9,bmi,kruskal,amostra_1_vs_amostra_3,0.5459311757261955
9,bmi,kruskal,amostra_2_vs_amostra_3,0.10949330246957883
9,systolic_bp,kruskal,amostra_1_vs_amostra_2,0.34293802430922643
9,systolic_bp,kruskal,amostra_1_vs_amostra_3,0.39116873904264127
9,systolic_bp,kruskal,amostra_2_vs_amostra_3,0.9311471173272386
9,cholesterol_total,kruskal,amostra_1_vs_amostra_2,0.13117638984636365
9,cholesterol_total,kruskal,amostra_1_vs_amostra_3,0.9593308379576667
9,cholesterol_total,kruskal,amostra_2_vs_amostra_3,0.13275020171905177
9,mmse,kruskal,amostra_1_vs_amostra_2,0.8374756157486449
9,mmse,kruskal,amostra_1_vs_amostra_3,0.7906655446099763
9,mmse,kruskal,amostra_2_vs_amostra_3,0.6486653693207518
9,adl,kruskal,amostra_1_vs_amostra_2,0.9006317294442334
9,adl,kruskal,amostra_1_vs_amostra_3,0.3051923828466268
9,adl,kruskal,amostra_2_vs_amostra_3,0.42124500462672987
9,age,pearson,amostra_1,"[None, 0.07358708837251929, 0.15978010943618826, 0.8718527037072193, 0.9930861019601585, 0.003298869856559181]"
9,age,pearson,amostra_2,"[None, 0.8903313478049775, 0.6888788095841727, 0.6953742837298466, 0.022445495413684447, 0.10854561888493298]"
9,age,pearson,amostra_3,"[None, 0.6758477891395013, 0.4177584074673235, 0.2577999805229097, 0.9767395554250307, 0.015176046339717123]"
9,bmi,pearson,amostra_1,"[0.07358708837251929, None, 0.5584973712807001, 0.7036551753429249, 0.6809758413081051, 0.05335601223219422]"
9,bmi,pearson,amostra_2,"[0.8903313478049775, None, 0.9533548190415058, 0.15989883397944907, 0.045692872301510014, 0.8284563613174569]"
9,bmi,pearson,amostra_3,"[0.6758477891395013, None, 0.45286492608567375, 0.5604781939698962, 0.5322566501751211, 0.9064681633127378]"
9,systolic_bp,pearson,amostra_1,"[0.15978010943618826, 0.5584973712807001, None, 0.860842594572285, 0.5286967401737153, 0.1950708852255118]"
9,systolic_bp,pearson,amostra_2,"[0.6888788095841727, 0.9533548190415058, None, 0.1431172557890717, 0.9589551821087146, 0.44556643194251244]"
9,systolic_bp,pearson,amostra_3,"[0.4177584074673235, 0.45286492608567375, None, 0.16890040246223675, 0.911923257864203, 0.6840890056500223]"
9,cholesterol_total,pearson,amostra_1,"[0.8718527037072193, 0.7036551753429249, 0.860842594572285, None, 0.39212948883994153, 0.49700707461800747]"
9,cholesterol_total,pearson,amostra_2,"[0.6953742837298466, 0.15989883397944907, 0.1431172557890717, None, 0.018073315840040845, 0.15623373571454763]"
9,cholesterol_total,pearson,amostra_3,"[0.2577999805229097, 0.5604781939698962, 0.16890040246223675, None, 0.06823380760569658, 0.3310512216950362]"
9,mmse,pearson,amostra_1,"[0.9930861019601585, 0.6809758413081051, 0.5286967401737153, 0.39212948883994153, None, 0.42014882754114313]"
9,mmse,pearson,amostra_2,"[0.022445495413684447, 0.045692872301510014, 0.9589551821087146, 0.018073315840040845, None, 0.7739866005572014]"
9,mmse,pearson,amostra_3,"[0.9767395554250307, 0.5322566501751211, 0.911923257864203, 0.06823380760569658, None, 0.9290519424576206]"
9,adl,pearson,amostra_1,"[0.003298869856559181, 0.05335601223219422, 0.1950708852255118, 0.49700707461800747, 0.42014882754114313, None]"
9,adl,pearson,amostra_2,"[0.10854561888493298, 0.8284563613174569, 0.44556643194251244, 0.15623373571454763, 0.7739866005572014, None]"
9,adl,pearson,amostra_3,"[0.015176046339717123, 0.9064681633127378, 0.6840890056500223, 0.3310512216950362, 0.9290519424576206, None]"
9,age,shapiro,validacao,7.172391749531853e-14
9,bmi,shapiro,validacao,2.259233381970982e-13
9,systolic_bp,shapiro,validacao,1.1796531633467833e-13
9,cholesterol_total,shapiro,validacao,5.194543146319619e-12
9,mmse,shapiro,validacao,1.0164333703053044e-13
9,adl,shapiro,validacao,3.2844017626041874e-14
9,age,kruskal,validacao_vs_amostra_1,0.7369739556585194
9,age,kruskal,validacao_vs_amostra_2,0.5351787840817828
9,age,kruskal,validacao_vs_amostra_3,0.21057713440832918
9,bmi,kruskal,validacao_vs_amostra_1,0.6823452449903111
9,bmi,kruskal,validacao_vs_amostra_2,0.15275782010199448
9,bmi,kruskal,validacao_vs_amostra_3,0.837669892771078
9,systolic_bp,kruskal,validacao_vs_amostra_1,0.13797004964372112
9,systolic_bp,kruskal,validacao_vs_amostra_2,0.6693499320574109
9,systolic_bp,kruskal,validacao_vs_amostra_3,0.636003457679688
9,cholesterol_total,kruskal,validacao_vs_amostra_1,0.799994296932673
9,cholesterol_total,kruskal,validacao_vs_amostra_2,0.05568528535892809
9,cholesterol_total,kruskal,validacao_vs_amostra_3,0.7847500825411458
9,mmse,kruskal,validacao_vs_amostra_1,0.1698605872743158
9,mmse,kruskal,validacao_vs_amostra_2,0.25084959497711257
9,mmse,kruskal,validacao_vs_amostra_3,0.1065941270659172
9,adl,kruskal,validacao_vs_amostra_1,0.2042673249350002
9,adl,kruskal,validacao_vs_amostra_2,0.2833366513266715
9,adl,kruskal,validacao_vs_amostra_3,0.8891890508136185
9,age,pearson,validacao,"[None, 0.19473437269910265, 0.22738790893591468, 0.49918367924091955, 0.24049051040347774, 0.9751855823056758]"
9,bmi,pearson,validacao,"[0.19473437269910265, None, 0.886463361603976, 0.6812278306847537, 0.30767395403486314, 0.37026534046286763]"
9,systolic_bp,pearson,validacao,"[0.22738790893591468, 0.886463361603976, None, 0.46579114150696743, 0.8723984326295119, 0.24669687429391038]"
9,cholesterol_total,pearson,validacao,"[0.49918367924091955, 0.6812278306847537, 0.46579114150696743, None, 0.9539028755987483, 0.7499259365660839]"
9,mmse,pearson,validacao,"[0.24049051040347774, 0.30767395403486314, 0.8723984326295119, 0.9539028755987483, None, 0.4089706182041453]"
9,adl,pearson,validacao,"[0.9751855823056758, 0.37026534046286763, 0.24669687429391038, 0.7499259365660839, 0.4089706182041453, None]"
10,age,shapiro,amostra_1,6.458950041476896e-10
10,age,shapiro,amostra_2,9.59391073529492e-12
10,age,shapiro,amostra_3,1.554233686196227e-10
10,bmi,shapiro,amostra_1,4.659014493646474e-11
10,bmi,shapiro,amostra_2,1.1619284527586426e-11
10,bmi,shapiro,amostra_3,3.1975997370758957e-12
10,systolic_bp,shapiro,amostra_1,2.349136996038226e-10
10,systolic_bp,shapiro,amostra_2,4.481281457024977e-10
10,systolic_bp,shapiro,amostra_3,7.751441849501717e-11
10,cholesterol_total,shapiro,amostra_1,2.839820045785757e-10
10,cholesterol_total,shapiro,amostra_2,7.416534053561463e-10
10,cholesterol_total,shapiro,amostra_3,2.5496875721842116e-09
10,mmse,shapiro,amostra_1,8.120834560365608e-11
10,mmse,shapiro,amostra_2,8.10306856335874e-12
10,mmse,shapiro,amostra_3,6.971056544513576e-12
10,adl,shapiro,amostra_1,8.03469617227659e-12
10,adl,shapiro,amostra_2,1.1699005653120764e-10
10,adl,shapiro,amostra_3,7.49799267812934e-12
10,age,kruskal,amostra_1_vs_amostra_2,0.22413808554327105
10,age,kruskal,amostra_1_vs_amostra_3,0.7313336528982124
10,age,kruskal,amostra_2_vs_amostra_3,0.42245414708779705
10,bmi,kruskal,amostra_1_vs_amostra_2,0.6262182524409989
10,bmi,kruskal,amostra_1_vs_amostra_3,0.8910271384936961
10,bmi,kruskal,amostra_2_vs_amostra_3,0.7315813148037434
10,systolic_bp,kruskal,amostra_1_vs_amostra_2,0.5552863328651645
10,systolic_bp,kruskal,amostra_1_vs_amostra_3,0.37424120594994015
10,systolic_bp,kruskal,amostra_2_vs_amostra_3,0.7908454498870111
10,cholesterol_total,kruskal,amostra_1_vs_amostra_2,0.4573766983940909
10,cholesterol_total,kruskal,amostra_1_vs_amostra_3,0.5346877187794494
10,cholesterol_total,kruskal,amostra_2_vs_amostra_3,0.14890637692172998
10,mmse,kruskal,amostra_1_vs_amostra_2,0.7018907127762299
10,mmse,kruskal,amostra_1_vs_amostra_3,0.3843954937091284
10,mmse,kruskal,amostra_2_vs_amostra_3,0.6288470337015839
10,adl,kruskal,amostra_1_vs_amostra_2,0.7192140924914068
10,adl,kruskal,amostra_1_vs_amostra_3,0.6698526711233208
10,adl,kruskal,amostra_2_vs_amostra_3,0.9303399502266064
10,age,pearson,amostra_1,"[None, 0.8673933782243494, 0.6051148958132144, 0.5106509244396908, 0.3986917243883393, 0.10791904041698511]"
10,age,pearson,amostra_2,"[None, 0.8294357506965161, 0.9589498980531223, 0.7575272358975276, 0.2110066931919976, 0.18108089551797912]"
10,age,pearson,amostra_3,"[None, 0.8314946721873181, 0.5636675894148995, 0.8080934964531534, 0.27572314009267423, 0.0909001717712439]"
10,bmi,pearson,amostra_1,"[0.8673933782243494, None, 0.007645556121093924, 0.24600144814212346, 0.5140242383880522, 0.40360628994285913]"
10,bmi,pearson,amostra_2,"[0.8294357506965161, None, 0.20574788403691147, 0.3895355202222408, 0.7669421219343237, 0.7141547502953197]"
10,bmi,pearson,amostra_3,"[0.8314946721873181, None, 0.021529710226142005, 0.32454560114844117, 0.695368970004873, 0.40875327040226633]"
10,systolic_bp,pearson,amostra_1,"[0.6051148958132144, 0.007645556121093924, None, 0.34614094706112253, 0.21016594528606355, 0.6183549877298233]"
10,systolic_bp,pearson,amostra_2,"[0.9589498980531223, 0.20574788403691147, None, 0.3453318667963294, 0.04091206146107846, 0.601875447200163]"
10,systolic_bp,pearson,amostra_3,"[0.5636675894148995, 0.021529710226142005, None, 0.9711986790411211, 0.9130911541584011, 0.37664084180871915]"
10,cholesterol_total,pearson,amostra_1,"[0.5106509244396908, 0.24600144814212346, 0.34614094706112253, None, 0.48930464478021024, 0.39965358688250496]"
10,cholesterol_total,pearson,amostra_2,"[0.7575272358975276, 0.3895355202222408, 0.3453318667963294, None, 0.018300651113630762, 0.9910556436272183]"
10,cholesterol_total,pearson,amostra_3,"[0.8080934964531534, 0.32454560114844117, 0.9711986790411211, None, 0.7584446596842799, 0.8960298690345114]"
10,mmse,pearson,amostra_1,"[0.3986917243883393, 0.5140242383880522, 0.21016594528606355, 0.48930464478021024, None, 0.3927045753279627]"
10,mmse,pearson,amostra_2,"[0.2110066931919976, 0.7669421219343237, 0.04091206146107846, 0.018300651113630762, None, 0.9605253246857618]"
10,mmse,pearson,amostra_3,"[0.27572314009267423, 0.695368970004873, 0.9130911541584011, 0.7584446596842799, None, 0.9394900976985289]"
10,adl,pearson,amostra_1,"[0.10791904041698511, 0.40360628994285913, 0.6183549877298233, 0.39965358688250496, 0.3927045753279627, None]"
10,adl,pearson,amostra_2,"[0.18108089551797912, 0.7141547502953197, 0.601875447200163, 0.9910556436272183, 0.9605253246857618, None]"
10,adl,pearson,amostra_3,"[0.0909001717712439, 0.40875327040226633, 0.37664084180871915, 0.8960298690345114, 0.9394900976985289, None]"
10,age,shapiro,validacao,1.0985516560009859e-13
10,bmi,shapiro,validacao,2.230167683555176e-13
10,systolic_bp,shapiro,validacao,1.7456743244947254e-13
10,cholesterol_total,shapiro,validacao,1.4267235396575595e-12
10,mmse,shapiro,validacao,6.428522671868622e-14
10,adl,shapiro,validacao,1.6150678960785204e-16
10,age,kruskal,validacao_vs_amostra_1,0.959612088459883
10,age,kruskal,validacao_vs_amostra_2,0.1829592213555398
10,age,kruskal,validacao_vs_amostra_3,0.6742932802263593
10,bmi,kruskal,validacao_vs_amostra_1,0.7085695962423801
10,bmi,kruskal,validacao_vs_amostra_2,0.40180243181751385
10,bmi,kruskal,validacao_vs_amostra_3,0.6386597037482957
10,systolic_bp,kruskal,validacao_vs_amostra_1,0.19616102321596288
10,systolic_bp,kruskal,validacao_vs_amostra_2,0.5236998658222922
10,systolic_bp,kruskal,validacao_vs_amostra_3,0.7527272587932232
10,cholesterol_total,kruskal,validacao_vs_amostra_1,0.3588674670279228
10,cholesterol_total,kruskal,validacao_vs_amostra_2,0.06691586767589669
10,cholesterol_total,kruskal,validacao_vs_amostra_3,0.7577571885208381
10,mmse,kruskal,validacao_vs_amostra_1,0.477804249437766
10,mmse,kruskal,validacao_vs_amostra_2,0.2565764800769905
10,mmse,kruskal,validacao_vs_amostra_3,0.08837014472076694
10,adl,kruskal,validacao_vs_amostra_1,0.5755206444986123
10,adl,kruskal,validacao_vs_amostra_2,0.8728182929166122
10,adl,kruskal,validacao_vs_amostra_3,0.8933277510287677
10,age,pearson,validacao,"[None, 0.8120364452320643, 0.35694614107626677, 0.7016585420352774, 0.43798665016447247, 0.9047635271556725]"
10,bmi,pearson,validacao,"[0.8120364452320643, None, 0.7705650742180086, 0.6558471316433397, 0.5229489563472255, 0.9517152428936029]"
10,systolic_bp,pearson,validacao,"[0.35694614107626677, 0.7705650742180086, None, 0.6801222482173712, 0.9751155529286032, 0.21714219069042467]"
10,cholesterol_total,pearson,validacao,"[0.7016585420352774, 0.6558471316433397, 0.6801222482173712, None, 0.45905488822728796, 0.7975629911419726]"
10,mmse,pearson,validacao,"[0.43798665016447247, 0.5229489563472255, 0.9751155529286032, 0.45905488822728796, None, 0.8112967747340082]"
10,adl,pearson,validacao,"[0.9047635271556725, 0.9517152428936029, 0.21714219069042467, 0.7975629911419726, 0.8112967747340082, None]"
11,age,shapiro,amostra_1,3.096580934378035e-12
11,age,shapiro,amostra_2,9.623386809654022e-11
11,age,shapiro,amostra_3,4.381484411397629e-11
11,bmi,shapiro,amostra_1,2.5368742662124077e-09
11,bmi,shapiro,amostra_2,1.538941613032918e-10
11,bmi,shapiro,amostra_3,1.5679820775105213e-09
11,systolic_bp,shapiro,amostra_1,3.4924667324798264e-11
11,systolic_bp,shapiro,amostra_2,2.1112972481418524e-10
11,systolic_bp,shapiro,amostra_3,4.3344390576738334e-11
11,cholesterol_total,shapiro,amostra_1,1.8714280125564642e-11
11,cholesterol_total,shapiro,amostra_2,2.5534727110532174e-10
11,cholesterol_total,shapiro,amostra_3,7.688386732818131e-11
11,mmse,shapiro,amostra_1,4.741510517547454e-10
11,mmse,shapiro,amostra_2,5.82672712162724e-12
11,mmse,shapiro,amostra_3,1.8011275804141746e-09
11,adl,shapiro,amostra_1,1.9207127208153985e-12
11,adl,shapiro,amostra_2,2.5340044732674594e-12
11,adl,shapiro,amostra_3,1.1895456841770624e-11
11,age,kruskal,amostra_1_vs_amostra_2,0.07386590075132139
11,age,kruskal,amostra_1_vs_amostra_3,0.4723489119799823
11,age,kruskal,amostra_2_vs_amostra_3,0.2757663636563823
11,bmi,kruskal,amostra_1_vs_amostra_2,0.14264113978501936
11,bmi,kruskal,amostra_1_vs_amostra_3,0.016206716661862755
11,bmi,kruskal,amostra_2_vs_amostra_3,0.3639250957628253
11,systolic_bp,kruskal,amostra_1_vs_amostra_2,0.11849686783062724
11,systolic_bp,kruskal,amostra_1_vs_amostra_3,0.20301269681567924
11,systolic_bp,kruskal,amostra_2_vs_amostra_3,0.7858294666455268
11,cholesterol_total,kruskal,amostra_1_vs_amostra_2,0.03508804710638424
11,cholesterol_total,kruskal,amostra_1_vs_amostra_3,0.027662292964080213
11,cholesterol_total,kruskal,amostra_2_vs_amostra_3,0.9283085194936257
11,mmse,kruskal,amostra_1_vs_amostra_2,0.5142864607846264
11,mmse,kruskal,amostra_1_vs_amostra_3,0.926277555923368
11,mmse,kruskal,amostra_2_vs_amostra_3,0.4287368004548494
11,adl,kruskal,amostra_1_vs_amostra_2,0.671622714410596
11,adl,kruskal,amostra_1_vs_amostra_3,0.5742378307318168
11,adl,kruskal,amostra_2_vs_amostra_3,0.3282268642701913
11,age,pearson,amostra_1,"[None, 0.33248549534434296, 0.04297387620333035, 0.6870534407618579, 0.32105139175266445, 0.4468307057842577]"
11,age,pearson,amostra_2,"[None, 0.7092085964862658, 0.07444866683694475, 0.1348382874121554, 0.2251874534830726, 0.04171559726893237]"
11,age,pearson,amostra_3,"[None, 0.5877827838779891, 0.8429931762670629, 0.06813695958916345, 0.33432894596539736, 0.6854806451837347]"
11,bmi,pearson,amostra_1,"[0.33248549534434296, None, 0.7067430288793649, 0.38268620381569096, 0.7839186348757414, 0.8395144269431595]"
11,bmi,pearson,amostra_2,"[0.7092085964862658, None, 0.08546878794920534, 0.5054711432363239, 0.5583151536122964, 0.9521304628158928]"
11,bmi,pearson,amostra_3,"[0.5877827838779891, None, 0.9590101077548178, 0.03732864846774454, 0.9695079780243138, 0.39186883681997037]"
11,systolic_bp,pearson,amostra_1,"[0.04297387620333035, 0.7067430288793649, None, 0.8385400613106293, 0.6399009151528671, 0.9707509854147299]"
11,systolic_bp,pearson,amostra_2,"[0.07444866683694475, 0.08546878794920534, None, 0.20671813988721963, 0.3680593518137913, 0.755671354115335]"
11,systolic_bp,pearson,amostra_3,"[0.8429931762670629, 0.9590101077548178, None, 0.8700507354873012, 0.08023154440733213, 0.726845325617831]"
11,cholesterol_total,pearson,amostra_1,"[0.6870534407618579, 0.38268620381569096, 0.8385400613106293, None, 0.06617333551436397, 0.8746076083659003]"
11,cholesterol_total,pearson,amostra_2,"[0.1348382874121554, 0.5054711432363239, 0.20671813988721963, None, 0.54560492249579, 0.3178511445977621]"
11,cholesterol_total,pearson,amostra_3,"[0.06813695958916345, 0.03732864846774454, 0.8700507354873012, None, 0.36190717122155835, 0.5975934568262232]"
11,mmse,pearson,amostra_1,"[0.32105139175266445, 0.7839186348757414, 0.6399009151528671, 0.06617333551436397, None, 0.6176995465536915]"
11,mmse,pearson,amostra_2,"[0.2251874534830726, 0.5583151536122964, 0.3680593518137913, 0.54560492249579, None, 0.30991066453863786]"
11,mmse,pearson,amostra_3,"[0.33432894596539736, 0.9695079780243138, 0.08023154440733213, 0.36190717122155835, None, 0.8429446724269152]"
11,adl,pearson,amostra_1,"[0.4468307057842577, 0.8395144269431595, 0.9707509854147299, 0.8746076083659003, 0.6176995465536915, None]"
11,adl,pearson,amostra_2,"[0.04171559726893237, 0.9521304628158928, 0.755671354115335, 0.3178511445977621, 0.30991066453863786, None]"
11,adl,pearson,amostra_3,"[0.6854806451837347, 0.39186883681997037, 0.726845325617831, 0.5975934568262232, 0.8429446724269152, None]"
11,age,shapiro,validacao,6.38467414788152e-14
11,bmi,shapiro,validacao,1.6202407051115787e-14
11,systolic_bp,shapiro,validacao,1.1786257462630817e-13
11,cholesterol_total,shapiro,validacao,3.7509583113159994e-12
11,mmse,shapiro,validacao,1.881296598268533e-14
11,adl,shapiro,validacao,1.1494246411603275e-14
11,age,kruskal,validacao_vs_amostra_1,0.8780992213246321
11,age,kruskal,validacao_vs_amostra_2,0.029191221995519438
11,age,kruskal,validacao_vs_amostra_3,0.34912210124053566
11,bmi,kruskal,validacao_vs_amostra_1,0.8236061107094326
11,bmi,kruskal,validacao_vs_amostra_2,0.08424795190205579
11,bmi,kruskal,validacao_vs_amostra_3,0.0076695321665629385
11,systolic_bp,kruskal,validacao_vs_amostra_1,0.11329367024184245
11,systolic_bp,kruskal,validacao_vs_amostra_2,0.9604036921542048
11,systolic_bp,kruskal,validacao_vs_amostra_3,0.8627368843601434
11,cholesterol_total,kruskal,validacao_vs_amostra_1,0.09325707222289951
11,cholesterol_total,kruskal,validacao_vs_amostra_2,0.5086308393156265
11,cholesterol_total,kruskal,validacao_vs_amostra_3,0.4406377006474451
11,mmse,kruskal,validacao_vs_amostra_1,0.014664471843593273
11,mmse,kruskal,validacao_vs_amostra_2,0.09628405894397041
11,mmse,kruskal,validacao_vs_amostra_3,0.01018974908571894
11,adl,kruskal,validacao_vs_amostra_1,0.9651207291659419
11,adl,kruskal,validacao_vs_amostra_2,0.6601470605728668
11,adl,kruskal,validacao_vs_amostra_3,0.5142432754835047
11,age,pearson,validacao,"[None, 0.7542373671880489, 0.30013570207362866, 0.8920208565980194, 0.5130745450662727, 0.6579393164482371]"
11,bmi,pearson,validacao,"[0.7542373671880489, None, 0.6849497702402391, 0.9994495804129231, 0.8338217250479447, 0.4553179373092689]"
11,systolic_bp,pearson,validacao,"[0.30013570207362866, 0.6849497702402391, None, 0.3821343079933639, 0.8168152816516587, 0.050832178058082496]"
11,cholesterol_total,pearson,validacao,"[0.8920208565980194, 0.9994495804129231, 0.3821343079933639, None, 0.17908200516386635, 0.15424441900058794]"
11,mmse,pearson,validacao,"[0.5130745450662727, 0.8338217250479447, 0.8168152816516587, 0.17908200516386635, None, 0.8724175881952007]"
11,adl,pearson,validacao,"[0.6579393164482371, 0.4553179373092689, 0.050832178058082496, 0.15424441900058794, 0.8724175881952007, None]"
12,age,shapiro,amostra_1,1.9217717694974823e-11
12,age,shapiro,amostra_2,7.147241826155337e-11
12,age,shapiro,amostra_3,4.2540966409265746e-12
12,bmi,shapiro,amostra_1,2.6136676156696126e-10
12,bmi,shapiro,amostra_2,1.153905929140997e-10
12,bmi,shapiro,amostra_3,1.7019571862952887e-10
12,systolic_bp,shapiro,amostra_1,1.1560777890551321e-09
12,systolic_bp,shapiro,amostra_2,4.040718801223697e-11
12,systolic_bp,shapiro,amostra_3,6.291255710832999e-12
12,cholesterol_total,shapiro,amostra_1,2.404340726513965e-09
12,cholesterol_total,shapiro,amostra_2,1.0355373225579e-09
12,cholesterol_total,shapiro,amostra_3,3.6902352285039797e-09
12,mmse,shapiro,amostra_1,5.183109844097977e-11
12,mmse,shapiro,amostra_2,2.5849919427223256e-10
12,mmse,shapiro,amostra_3,9.471348150213998e-10
12,adl,shapiro,amostra_1,2.2709230329542862e-12
12,adl,shapiro,amostra_2,9.401561560512528e-13
12,adl,shapiro,amostra_3,3.5584955121459316e-11
12,age,kruskal,amostra_1_vs_amostra_2,0.9188204280292611
12,age,kruskal,amostra_1_vs_amostra_3,0.9976532633814396
12,age,kruskal,amostra_2_vs_amostra_3,0.9195317964153407
12,bmi,kruskal,amostra_1_vs_amostra_2,0.23185447483324145
12,bmi,kruskal,amostra_1_vs_amostra_3,0.14690184881963772
12,bmi,kruskal,amostra_2_vs_amostra_3,0.8226280163436325
12,systolic_bp,kruskal,amostra_1_vs_amostra_2,0.5452170355896891
12,systolic_bp,kruskal,amostra_1_vs_amostra_3,0.9742034142994106
12,systolic_bp,kruskal,amostra_2_vs_amostra_3,0.538613481748634
12,cholesterol_total,kruskal,amostra_1_vs_amostra_2,0.6740478520548352
12,cholesterol_total,kruskal,amostra_1_vs_amostra_3,0.4357785036669861
12,cholesterol_total,kruskal,amostra_2_vs_amostra_3,0.7090113161242998
12,mmse,kruskal,amostra_1_vs_amostra_2,0.5242281045954615
12,mmse,kruskal,amostra_1_vs_amostra_3,0.45297880069926133
12,mmse,kruskal,amostra_2_vs_amostra_3,0.9482346425609086
12,adl,kruskal,amostra_1_vs_amostra_2,0.4958327306100897
12,adl,kruskal,amostra_1_vs_amostra_3,0.5545470498131027
12,adl,kruskal,amostra_2_vs_amostra_3,0.1865113642717076
12,age,pearson,amostra_1,"[None, 0.6808119595859191, 0.7296432958146358, 0.8027072312268578, 0.9724179201265832, 0.11322978278649562]"
12,age,pearson,amostra_2,"[None, 0.18669349955985728, 0.45095012051140576, 0.5122759418332988, 0.2581941443959658, 0.5961055451600096]"
12,age,pearson,amostra_3,"[None, 0.9766109457864751, 0.2765858736522232, 0.7925908052329349, 0.28986686452794874, 0.23756015335697914]"
12,bmi,pearson,amostra_1,"[0.6808119595859191, None, 0.03121709537831015, 0.24789337608666906, 0.6219170797326813, 0.9092474285791902]"
12,bmi,pearson,amostra_2,"[0.18669349955985728, None, 0.8447543653567817, 0.8244507158928437, 0.9375505585487, 0.8978869683079379]"
12,bmi,pearson,amostra_3,"[0.9766109457864751, None, 0.5488559631865251, 0.41571074669243097, 0.720335774054461, 0.34545848033481963]"
12,systolic_bp,pearson,amostra_1,"[0.7296432958146358, 0.03121709537831015, None, 0.6637916408590802, 0.6569516024597822, 0.9163291361143813]"
12,systolic_bp,pearson,amostra_2,"[0.45095012051140576, 0.8447543653567817, None, 0.26315094764796204, 0.5292852932731243, 0.44183313007944147]"
12,systolic_bp,pearson,amostra_3,"[0.2765858736522232, 0.5488559631865251, None, 0.06403680363675406, 0.15125138247408937, 0.8419435848835952]"
12,cholesterol_total,pearson,amostra_1,"[0.8027072312268578, 0.24789337608666906, 0.6637916408590802, None, 0.3438563790345739, 0.6400930192626236]"
12,cholesterol_total,pearson,amostra_2,"[0.5122759418332988, 0.8244507158928437, 0.26315094764796204, None, 0.34089125592327574, 0.5771140668809447]"
12,cholesterol_total,pearson,amostra_3,"[0.7925908052329349, 0.41571074669243097, 0.06403680363675406, None, 0.6032162271299406, 0.27214290257004675]"
12,mmse,pearson,amostra_1,"[0.9724179201265832, 0.6219170797326813, 0.6569516024597822, 0.3438563790345739, None, 0.5813061774875998]"
12,mmse,pearson,amostra_2,"[0.2581941443959658, 0.9375505585487, 0.5292852932731243, 0.34089125592327574, None, 0.2189907635747686]"
12,mmse,pearson,amostra_3,"[0.28986686452794874, 0.720335774054461, 0.15125138247408937, 0.6032162271299406, None, 0.35130790568064346]"
12,adl,pearson,amostra_1,"[0.11322978278649562, 0.9092474285791902, 0.9163291361143813, 0.6400930192626236, 0.5813061774875998, None]"
12,adl,pearson,amostra_2,"[0.5961055451600096, 0.8978869683079379, 0.44183313007944147, 0.5771140668809447, 0.2189907635747686, None]"
12,adl,pearson,amostra_3,"[0.23756015335697914, 0.34545848033481963, 0.8419435848835952, 0.27214290257004675, 0.35130790568064346, None]"
12,age,shapiro,validacao,6.868402331258738e-13
12,bmi,shapiro,validacao,3.200672149192285e-13
12,systolic_bp,shapiro,validacao,3.0824943292317997e-12
12,cholesterol_total,shapiro,validacao,1.215712318140827e-12
12,mmse,shapiro,validacao,2.1398200323197863e-14
12,adl,shapiro,validacao,2.704622448581901e-14
12,age,kruskal,validacao_vs_amostra_1,0.8843773578377118
12,age,kruskal,validacao_vs_amostra_2,0.975775639695173
12,age,kruskal,validacao_vs_amostra_3,0.863510319830965
12,bmi,kruskal,validacao_vs_amostra_1,0.6880460045273562
12,bmi,kruskal,validacao_vs_amostra_2,0.3637634970683311
12,bmi,kruskal,validacao_vs_amostra_3,0.25309733866634726
12,systolic_bp,kruskal,validacao_vs_amostra_1,0.8496459640298462
12,systolic_bp,kruskal,validacao_vs_amostra_2,0.6657502377193518
12,systolic_bp,kruskal,validacao_vs_amostra_3,0.8011028143127958
12,cholesterol_total,kruskal,validacao_vs_amostra_1,0.24028557078633958
12,cholesterol_total,kruskal,validacao_vs_amostra_2,0.514868861491242
12,cholesterol_total,kruskal,validacao_vs_amostra_3,0.7841539078873361
12,mmse,kruskal,validacao_vs_amostra_1,0.6372746059835959
12,mmse,kruskal,validacao_vs_amostra_2,0.8329759646502468
12,mmse,kruskal,validacao_vs_amostra_3,0.7247940258762542
12,adl,kruskal,validacao_vs_amostra_1,0.3005597541601443
12,adl,kruskal,validacao_vs_amostra_2,0.06565510994198681
12,adl,kruskal,validacao_vs_amostra_3,0.6511818750045343
12,age,pearson,validacao,"[None, 0.7031359420285561, 0.7593233666739192, 0.6552490819355915, 0.8284840930750168, 0.29498374767854696]"
12,bmi,pearson,validacao,"[0.7031359420285561, None, 0.5212106389181519, 0.8586850455589402, 0.9408231700291074, 0.5998280181910207]"
12,systolic_bp,pearson,validacao,"[0.7593233666739192, 0.5212106389181519, None, 0.825932713338563, 0.08707648552469273, 0.3663100312696318]"
12,cholesterol_total,pearson,validacao,"[0.6552490819355915, 0.8586850455589402, 0.825932713338563, None, 0.8493881415268875, 0.18404838555415096]"
12,mmse,pearson,validacao,"[0.8284840930750168, 0.9408231700291074, 0.08707648552469273, 0.8493881415268875, None, 0.46918620449342746]"
12,adl,pearson,validacao,"[0.29498374767854696, 0.5998280181910207, 0.3663100312696318, 0.18404838555415096, 0.46918620449342746, None]"
13,age,shapiro,amostra_1,1.8188410846886605e-11
13,age,shapiro,amostra_2,3.948497084849123e-11
13,age,shapiro,amostra_3,1.0324243543413658e-10
13,bmi,shapiro,amostra_1,1.4229234977791716e-11
13,bmi,shapiro,amostra_2,9.347429774653193e-11
13,bmi,shapiro,amostra_3,1.2731204979132826e-11
13,systolic_bp,shapiro,amostra_1,2.6820405271688053e-11
13,systolic_bp,shapiro,amostra_2,3.723147623535539e-10
13,systolic_bp,shapiro,amostra_3,5.140272235637511e-11
13,cholesterol_total,shapiro,amostra_1,3.298160078379908e-10
13,cholesterol_total,shapiro,amostra_2,1.3875355309167503e-09
13,cholesterol_total,shapiro,amostra_3,1.976388164237619e-09
13,mmse,shapiro,amostra_1,3.2819427731034523e-10
13,mmse,shapiro,amostra_2,1.2485421030383748e-10
13,mmse,shapiro,amostra_3,5.8083399201436237e-11
13,adl,shapiro,amostra_1,7.511800209636377e-12
13,adl,shapiro,amostra_2,2.1182671935959796e-11
13,adl,shapiro,amostra_3,5.451697079883466e-11
13,age,kruskal,amostra_1_vs_amostra_2,0.1428185890675202
13,age,kruskal,amostra_1_vs_amostra_3,0.1883871523748074
13,age,kruskal,amostra_2_vs_amostra_3,0.8725976282379868
13,bmi,kruskal,amostra_1_vs_amostra_2,0.991638457519045
13,bmi,kruskal,amostra_1_vs_amostra_3,0.5821006191306648
13,bmi,kruskal,amostra_2_vs_amostra_3,0.5660796693246785
13,systolic_bp,kruskal,amostra_1_vs_amostra_2,0.7298292855265793
13,systolic_bp,kruskal,amostra_1_vs_amostra_3,0.13291438261899943
13,systolic_bp,kruskal,amostra_2_vs_amostra_3,0.06803186678692347
13,cholesterol_total,kruskal,amostra_1_vs_amostra_2,0.66613224504084
13,cholesterol_total,kruskal,amostra_1_vs_amostra_3,0.3496537712063873
13,cholesterol_total,kruskal,amostra_2_vs_amostra_3,0.16038250900906234
13,mmse,kruskal,amostra_1_vs_amostra_2,0.43879509677709516
13,mmse,kruskal,amostra_1_vs_amostra_3,0.7273550090827515
13,mmse,kruskal,amostra_2_vs_amostra_3,0.6773178018742825
13,adl,kruskal,amostra_1_vs_amostra_2,0.8922395002807069
13,adl,kruskal,amostra_1_vs_amostra_3,0.19456283713713957
13,adl,kruskal,amostra_2_vs_amostra_3,0.13786442275081276
13,age,pearson,amostra_1,"[None, 0.7881827048907128, 0.4048344100225047, 0.22947537709754365, 0.3939715586399672, 0.19620010038079538]"
13,age,pearson,amostra_2,"[None, 0.11701466227378954, 0.11718557015092812, 0.9590901397912461, 0.670286124064704, 0.377871174279613]"
13,age,pearson,amostra_3,"[None, 0.11673956626141066, 0.39976987884415893, 0.011901731084781299, 0.8964696505888986, 0.12252913222458772]"
13,bmi,pearson,amostra_1,"[0.7881827048907128, None, 0.4969324432674678, 0.4940182602471914, 0.8679947690887347, 0.8624090082243883]"
13,bmi,pearson,amostra_2,"[0.11701466227378954, None, 0.5495404690351985, 0.826484920249629, 0.7329436800884868, 0.4898302879594175]"
13,bmi,pearson,amostra_3,"[0.11673956626141066, None, 0.31013525160830896, 0.27607309031252136, 0.8696205611086273, 0.45185684201958415]"
13,systolic_bp,pearson,amostra_1,"[0.4048344100225047, 0.4969324432674678, None, 0.8903960624980576, 0.3131167031750511, 0.5659056567496797]"
13,systolic_bp,pearson,amostra_2,"[0.11718557015092812, 0.5495404690351985, None, 0.2657552120247494, 0.05688083397911046, 0.25859117863658687]"
13,systolic_bp,pearson,amostra_3,"[0.39976987884415893, 0.31013525160830896, None, 0.8617790331778876, 0.8123152507679146, 0.754111408616289]"
13,cholesterol_total,pearson,amostra_1,"[0.22947537709754365, 0.4940182602471914, 0.8903960624980576, None, 0.34963589641890164, 0.44950966473308784]"
13,cholesterol_total,pearson,amostra_2,"[0.9590901397912461, 0.826484920249629, 0.2657552120247494, None, 0.004230292490986608, 0.611374191164587]"
13,cholesterol_total,pearson,amostra_3,"[0.011901731084781299, 0.27607309031252136, 0.8617790331778876, None, 0.6411299477526673, 0.15798844049700633]"
13,mmse,pearson,amostra_1,"[0.3939715586399672, 0.8679947690887347, 0.3131167031750511, 0.34963589641890164, None, 0.1515675861230505]"
13,mmse,pearson,amostra_2,"[0.670286124064704, 0.7329436800884868, 0.05688083397911046, 0.004230292490986608, None, 0.8211569913731577]"
13,mmse,pearson,amostra_3,"[0.8964696505888986, 0.8696205611086273, 0.8123152507679146, 0.6411299477526673, None, 0.2542114291137775]"
13,adl,pearson,amostra_1,"[0.19620010038079538, 0.8624090082243883, 0.5659056567496797, 0.44950966473308784, 0.1515675861230505, None]"
13,adl,pearson,amostra_2,"[0.377871174279613, 0.4898302879594175, 0.25859117863658687, 0.611374191164587, 0.8211569913731577, None]"
13,adl,pearson,amostra_3,"[0.12252913222458772, 0.45185684201958415, 0.754111408616289, 0.15798844049700633, 0.2542114291137775, None]"
13,age,shapiro,validacao,3.990700998823815e-13
13,bmi,shapiro,validacao,4.1427256590453876e-13
13,systolic_bp,shapiro,validacao,2.580256700576017e-13
13,cholesterol_total,shapiro,validacao,4.666582875331726e-13
13,mmse,shapiro,validacao,1.345653460622237e-14
13,adl,shapiro,validacao,5.883675165997693e-14
13,age,kruskal,validacao_vs_amostra_1,0.884374260377625
13,age,kruskal,validacao_vs_amostra_2,0.12842800829963172
13,age,kruskal,validacao_vs_amostra_3,0.17418156023596448
13,bmi,kruskal,validacao_vs_amostra_1,0.6541181005475014
13,bmi,kruskal,validacao_vs_amostra_2,0.6539781583820037
13,bmi,kruskal,validacao_vs_amostra_3,0.28012929712891477
13,systolic_bp,kruskal,validacao_vs_amostra_1,0.7639443354799142
13,systolic_bp,kruskal,validacao_vs_amostra_2,0.9754781994451558
13,systolic_bp,kruskal,validacao_vs_amostra_3,0.04835460694340949
13,cholesterol_total,kruskal,validacao_vs_amostra_1,0.7108794940475633
13,cholesterol_total,kruskal,validacao_vs_amostra_2,0.9265325964886494
13,cholesterol_total,kruskal,validacao_vs_amostra_3,0.14710552484981404
13,mmse,kruskal,validacao_vs_amostra_1,0.5773738953184018
13,mmse,kruskal,validacao_vs_amostra_2,0.8020927427351153
13,mmse,kruskal,validacao_vs_amostra_3,0.8352464876151382
13,adl,kruskal,validacao_vs_amostra_1,0.8231533564106441
13,adl,kruskal,validacao_vs_amostra_2,0.9079122058101937
13,adl,kruskal,validacao_vs_amostra_3,0.08906057588239548
13,age,pearson,validacao,"[None, 0.456210069188224, 0.12004181245642175, 0.25514610284456746, 0.5316041895848392, 0.8888518612992088]"
13,bmi,pearson,validacao,"[0.456210069188224, None, 0.35212542160802374, 0.9459692706350359, 0.2849211661273875, 0.8020505146956123]"
13,systolic_bp,pearson,validacao,"[0.12004181245642175, 0.35212542160802374, None, 0.08752420119564085, 0.3746251939591763, 0.6278427721928224]"
13,cholesterol_total,pearson,validacao,"[0.25514610284456746, 0.9459692706350359, 0.08752420119564085, None, 0.857420015266789, 0.831935718296709]"
13,mmse,pearson,validacao,"[0.5316041895848392, 0.2849211661273875, 0.3746251939591763, 0.857420015266789, None, 0.881716260983294]"
13,adl,pearson,validacao,"[0.8888518612992088, 0.8020505146956123, 0.6278427721928224, 0.831935718296709, 0.881716260983294, None]"
14,age,shapiro,amostra_1,5.4948792183040496e-09
14,age,shapiro,amostra_2,9.687776275635329e-11
14,age,shapiro,amostra_3,9.028210817829674e-11
14,bmi,shapiro,amostra_1,7.403321011789643e-11
14,bmi,shapiro,amostra_2,1.596880544463275e-10
14,bmi,shapiro,amostra_3,1.9530170536352642e-10
14,systolic_bp,shapiro,amostra_1,9.779164283907349e-11
14,systolic_bp,shapiro,amostra_2,7.459722284330894e-10
14,systolic_bp,shapiro,amostra_3,2.1116451642821943e-10
14,cholesterol_total,shapiro,amostra_1,4.858016766640105e-10
14,cholesterol_total,shapiro,amostra_2,3.798888315031945e-09
14,cholesterol_total,shapiro,amostra_3,3.027142314593334e-09
14,mmse,shapiro,amostra_1,9.643624787614158e-11
14,mmse,shapiro,amostra_2,1.8072929264256743e-10
14,mmse,shapiro,amostra_3,3.2990123220028034e-12
14,adl,shapiro,amostra_1,1.9103113188534415e-12
14,adl,shapiro,amostra_2,4.268032108289965e-12
14,adl,shapiro,amostra_3,9.006779154961675e-13
14,age,kruskal,amostra_1_vs_amostra_2,0.03310689804345472
14,age,kruskal,amostra_1_vs_amostra_3,0.592528378035913
14,age,kruskal,amostra_2_vs_amostra_3,0.1343623682414712
14,bmi,kruskal,amostra_1_vs_amostra_2,0.2915365843238298
14,bmi,kruskal,amostra_1_vs_amostra_3,0.3905726001294241
14,bmi,kruskal,amostra_2_vs_amostra_3,0.8721692029972289
14,systolic_bp,kruskal,amostra_1_vs_amostra_2,0.43641881058351983
14,systolic_bp,kruskal,amostra_1_vs_amostra_3,0.7394579255429523
14,systolic_bp,kruskal,amostra_2_vs_amostra_3,0.2604202622885081
14,cholesterol_total,kruskal,amostra_1_vs_amostra_2,0.5561752377257277
14,cholesterol_total,kruskal,amostra_1_vs_amostra_3,0.8477736548302616
14,cholesterol_total,kruskal,amostra_2_vs_amostra_3,0.41113382972585255
14,mmse,kruskal,amostra_1_vs_amostra_2,0.8570943259850248
14,mmse,kruskal,amostra_1_vs_amostra_3,0.6194416722627964
14,mmse,kruskal,amostra_2_vs_amostra_3,0.7492451402050195
14,adl,kruskal,amostra_1_vs_amostra_2,0.6134151469912791
14,adl,kruskal,amostra_1_vs_amostra_3,0.5244778862192743
14,adl,kruskal,amostra_2_vs_amostra_3,0.875391386270891
14,age,pearson,amostra_1,"[None, 0.00441878302260571, 0.26529085124627927, 0.6924869586209246, 0.8536900051580518, 0.11767543927572885]"
14,age,pearson,amostra_2,"[None, 0.39095256528914385, 0.8718458934520537, 0.43982287008022536, 0.27311675670935776, 0.1955229660922106]"
14,age,pearson,amostra_3,"[None, 0.7866268722916283, 0.5213061972623868, 0.5372921939291881, 0.26429746377997143, 0.25563903629370893]"
14,bmi,pearson,amostra_1,"[0.00441878302260571, None, 0.21125391964883958, 0.7048319700259525, 0.9422815514834815, 0.707860355696655]"
14,bmi,pearson,amostra_2,"[0.39095256528914385, None, 0.9394798422661886, 0.8029103864224527, 0.06426487852904457, 0.41751645194039166]"
14,bmi,pearson,amostra_3,"[0.7866268722916283, None, 0.3454605469038314, 0.10033255117316242, 0.6862898786612177, 0.21694006216653403]"
14,systolic_bp,pearson,amostra_1,"[0.26529085124627927, 0.21125391964883958, None, 0.5185507415201469, 0.848580773650246, 0.41596522157921934]"
14,systolic_bp,pearson,amostra_2,"[0.8718458934520537, 0.9394798422661886, None, 0.03410807410910971, 0.4900239596714874, 0.7031642315347479]"
14,systolic_bp,pearson,amostra_3,"[0.5213061972623868, 0.3454605469038314, None, 0.09460798477585189, 0.9693446160466279, 0.7493226445951833]"
14,cholesterol_total,pearson,amostra_1,"[0.6924869586209246, 0.7048319700259525, 0.5185507415201469, None, 0.771097250039283, 0.726131968331371]"
14,cholesterol_total,pearson,amostra_2,"[0.43982287008022536, 0.8029103864224527, 0.03410807410910971, None, 0.7109651604316524, 0.3716171840276743]"
14,cholesterol_total,pearson,amostra_3,"[0.5372921939291881, 0.10033255117316242, 0.09460798477585189, None, 0.41918433951162776, 0.9017954258478588]"
14,mmse,pearson,amostra_1,"[0.8536900051580518, 0.9422815514834815, 0.848580773650246, 0.771097250039283, None, 0.8038702185218958]"
14,mmse,pearson,amostra_2,"[0.27311675670935776, 0.06426487852904457, 0.4900239596714874, 0.7109651604316524, None, 0.6065432515024146]"
14,mmse,pearson,amostra_3,"[0.26429746377997143, 0.6862898786612177, 0.9693446160466279, 0.41918433951162776, None, 0.49497914567592094]"
14,adl,pearson,amostra_1,"[0.11767543927572885, 0.707860355696655, 0.41596522157921934, 0.726131968331371, 0.8038702185218958, None]"
14,adl,pearson,amostra_2,"[0.1955229660922106, 0.41751645194039166, 0.7031642315347479, 0.3716171840276743, 0.6065432515024146, None]"
14,adl,pearson,amostra_3,"[0.25563903629370893, 0.21694006216653403, 0.7493226445951833, 0.9017954258478588, 0.49497914567592094, None]"
14,age,shapiro,validacao,1.2198444023555494e-13
14,bmi,shapiro,validacao,3.894923663108618e-13
14,systolic_bp,shapiro,validacao,3.169372316674801e-13
14,cholesterol_total,shapiro,validacao,2.8866050717259173e-13
14,mmse,shapiro,validacao,1.6148741415270007e-13
14,adl,shapiro,validacao,4.387433138693976e-14
14,age,kruskal,validacao_vs_amostra_1,0.7917999349738305
14,age,kruskal,validacao_vs_amostra_2,0.05433256204007419
14,age,kruskal,validacao_vs_amostra_3,0.7639818515280271
14,bmi,kruskal,validacao_vs_amostra_1,0.19448962449222523
14,bmi,kruskal,validacao_vs_amostra_2,0.8657966818593131
14,bmi,kruskal,validacao_vs_amostra_3,0.7124690918668215
14,systolic_bp,kruskal,validacao_vs_amostra_1,0.10813495957372933
14,systolic_bp,kruskal,validacao_vs_amostra_2,0.40591733654502493
14,systolic_bp,kruskal,validacao_vs_amostra_3,0.04747897898994484
14,cholesterol_total,kruskal,validacao_vs_amostra_1,0.8334299584421663
14,cholesterol_total,kruskal,validacao_vs_amostra_2,0.6619741446251308
14,cholesterol_total,kruskal,validacao_vs_amostra_3,0.6666211541909948
14,mmse,kruskal,validacao_vs_amostra_1,0.20579209070232662
14,mmse,kruskal,validacao_vs_amostra_2,0.25519705688777383
14,mmse,kruskal,validacao_vs_amostra_3,0.4734853961190939
14,adl,kruskal,validacao_vs_amostra_1,0.2506095942919937
14,adl,kruskal,validacao_vs_amostra_2,0.543166668543138
14,adl,kruskal,validacao_vs_amostra_3,0.6635217128806112
14,age,pearson,validacao,"[None, 0.18139163676752554, 0.01563388782130892, 0.9819780382668201, 0.6470929518395895, 0.9071021627414638]"
14,bmi,pearson,validacao,"[0.18139163676752554, None, 0.9442203102866558, 0.8344939692983452, 0.7725904087122065, 0.4846732808455738]"
14,systolic_bp,pearson,validacao,"[0.01563388782130892, 0.9442203102866558, None, 0.3111488367277448, 0.5555520015020539, 0.23447625161834315]"
14,cholesterol_total,pearson,validacao,"[0.9819780382668201, 0.8344939692983452, 0.3111488367277448, None, 0.4581200898389801, 0.42049663740194143]"
14,mmse,pearson,validacao,"[0.6470929518395895, 0.7725904087122065, 0.5555520015020539, 0.4581200898389801, None, 0.8350607133672638]"
14,adl,pearson,validacao,"[0.9071021627414638, 0.4846732808455738, 0.23447625161834315, 0.42049663740194143, 0.8350607133672638, None]"
15,age,shapiro,amostra_1,2.553690037210288e-10
15,age,shapiro,amostra_2,4.997289474589772e-12
15,age,shapiro,amostra_3,4.1744452339287363e-10
15,bmi,shapiro,amostra_1,6.5281083490298375e-12
15,bmi,shapiro,amostra_2,5.262399960237474e-10
15,bmi,shapiro,amostra_3,1.385282583088454e-10
15,systolic_bp,shapiro,amostra_1,2.5176541407212483e-11
15,systolic_bp,shapiro,amostra_2,2.302640078610807e-09
15,systolic_bp,shapiro,amostra_3,5.65012148179278e-10
15,cholesterol_total,shapiro,amostra_1,3.492638678270765e-10
15,cholesterol_total,shapiro,amostra_2,3.9836109522184415e-08
15,cholesterol_total,shapiro,amostra_3,2.6487732007751674e-09
15,mmse,shapiro,amostra_1,1.0098132330327303e-09
15,mmse,shapiro,amostra_2,5.729023921929866e-10
15,mmse,shapiro,amostra_3,2.0346932472214974e-10
15,adl,shapiro,amostra_1,1.941124995116783e-12
15,adl,shapiro,amostra_2,8.346491900401709e-12
15,adl,shapiro,amostra_3,7.688461412663772e-13
15,age,kruskal,amostra_1_vs_amostra_2,0.7497823123612912
15,age,kruskal,amostra_1_vs_amostra_3,0.6290058527317293
15,age,kruskal,amostra_2_vs_amostra_3,0.39774930572509604
15,bmi,kruskal,amostra_1_vs_amostra_2,0.20254932877277296
15,bmi,kruskal,amostra_1_vs_amostra_3,0.9018460021094717
15,bmi,kruskal,amostra_2_vs_amostra_3,0.24214128492931802
15,systolic_bp,kruskal,amostra_1_vs_amostra_2,0.7433203842369844
15,systolic_bp,kruskal,amostra_1_vs_amostra_3,0.530285468933799
15,systolic_bp,kruskal,amostra_2_vs_amostra_3,0.7843532194900384
15,cholesterol_total,kruskal,amostra_1_vs_amostra_2,0.16928049198958206
15,cholesterol_total,kruskal,amostra_1_vs_amostra_3,0.14173812979265882
15,cholesterol_total,kruskal,amostra_2_vs_amostra_3,0.8817410570156575
15,mmse,kruskal,amostra_1_vs_amostra_2,0.14865467821407785
15,mmse,kruskal,amostra_1_vs_amostra_3,0.9314574331920611
15,mmse,kruskal,amostra_2_vs_amostra_3,0.19254829088638004
15,adl,kruskal,amostra_1_vs_amostra_2,0.6886690939633366
15,adl,kruskal,amostra_1_vs_amostra_3,0.8733772761475839
15,adl,kruskal,amostra_2_vs_amostra_3,0.7858459401149162
15,age,pearson,amostra_1,"[None, 0.9469983419499112, 0.33019144014039153, 0.5733427810987924, 0.006621999900200693, 0.12485836288529564]"
15,age,pearson,amostra_2,"[None, 0.5561116410128372, 0.36109888427881803, 0.8940368639401586, 0.20284173647116022, 0.30186431146142256]"
15,age,pearson,amostra_3,"[None, 0.2116685604818136, 0.36803346162587075, 0.1033529456043331, 0.2836565039063459, 0.061622419096066396]"
15,bmi,pearson,amostra_1,"[0.9469983419499112, None, 0.44886795557227727, 0.41694954936134343, 0.12181680313969469, 0.059278722101985704]"
15,bmi,pearson,amostra_2,"[0.5561116410128372, None, 0.12496794739651136, 0.9144433362719371, 0.8398237278345756, 0.6449319451296067]"
15,bmi,pearson,amostra_3,"[0.2116685604818136, None, 0.9434634987747619, 0.13412551108225357, 0.4054882166719616, 0.7074706375567275]"
15,systolic_bp,pearson,amostra_1,"[0.33019144014039153, 0.44886795557227727, None, 0.5813318498447715, 0.6135212007549843, 0.7133586655369007]"
15,systolic_bp,pearson,amostra_2,"[0.36109888427881803, 0.12496794739651136, None, 0.7647588024538908, 0.7875875599453225, 0.7319634896449317]"
15,systolic_bp,pearson,amostra_3,"[0.36803346162587075, 0.9434634987747619, None, 0.19162484170414287, 0.3773892294262963, 0.8081903460063741]"
15,cholesterol_total,pearson,amostra_1,"[0.5733427810987924, 0.41694954936134343, 0.5813318498447715, None, 0.3700856210479188, 0.09245828596549403]"
15,cholesterol_total,pearson,amostra_2,"[0.8940368639401586, 0.9144433362719371, 0.7647588024538908, None, 0.3327902596552061, 0.32667518172450993]"
15,cholesterol_total,pearson,amostra_3,"[0.1033529456043331, 0.13412551108225357, 0.19162484170414287, None, 0.4330830377641594, 0.1946299790848634]"
15,mmse,pearson,amostra_1,"[0.006621999900200693, 0.12181680313969469, 0.6135212007549843, 0.3700856210479188, None, 0.964595090359629]"
15,mmse,pearson,amostra_2,"[0.20284173647116022, 0.8398237278345756, 0.7875875599453225, 0.3327902596552061, None, 0.2823459026563423]"
15,mmse,pearson,amostra_3,"[0.2836565039063459, 0.4054882166719616, 0.3773892294262963, 0.4330830377641594, None, 0.8862812802202489]"
15,adl,pearson,amostra_1,"[0.12485836288529564, 0.059278722101985704, 0.7133586655369007, 0.09245828596549403, 0.964595090359629, None]"
15,adl,pearson,amostra_2,"[0.30186431146142256, 0.6449319451296067, 0.7319634896449317, 0.32667518172450993, 0.2823459026563423, None]"
15,adl,pearson,amostra_3,"[0.061622419096066396, 0.7074706375567275, 0.8081903460063741, 0.1946299790848634, 0.8862812802202489, None]"
15,age,shapiro,validacao,7.7671988849351e-13
15,bmi,shapiro,validacao,2.557552151831455e-13
15,systolic_bp,shapiro,validacao,2.586525828587871e-13
15,cholesterol_total,shapiro,validacao,8.393830335656771e-13
15,mmse,shapiro,validacao,2.027756760246413e-13
15,adl,shapiro,validacao,2.0581618549210534e-13
15,age,kruskal,validacao_vs_amostra_1,0.7418058021262723
15,age,kruskal,validacao_vs_amostra_2,0.4640745477592616
15,age,kruskal,validacao_vs_amostra_3,0.8597730004831896
15,bmi,kruskal,validacao_vs_amostra_1,0.5623655580466227
15,bmi,kruskal,validacao_vs_amostra_2,0.3886519876213962
15,bmi,kruskal,validacao_vs_amostra_3,0.6874751236310308
15,systolic_bp,kruskal,validacao_vs_amostra_1,0.06138955817097431
15,systolic_bp,kruskal,validacao_vs_amostra_2,0.10913708414323157
15,systolic_bp,kruskal,validacao_vs_amostra_3,0.20886557606666278
15,cholesterol_total,kruskal,validacao_vs_amostra_1,0.600503330734566
15,cholesterol_total,kruskal,validacao_vs_amostra_2,0.33142844658965687
15,cholesterol_total,kruskal,validacao_vs_amostra_3,0.30128465599861115
15,mmse,kruskal,validacao_vs_amostra_1,0.2042673249350002
15,mmse,kruskal,validacao_vs_amostra_2,0.7904199950052985
15,mmse,kruskal,validacao_vs_amostra_3,0.2416861027464558
15,adl,kruskal,validacao_vs_amostra_1,0.316214354958827
15,adl,kruskal,validacao_vs_amostra_2,0.5380343766903302
15,adl,kruskal,validacao_vs_amostra_3,0.39422474427640153
15,age,pearson,validacao,"[None, 0.40589707015335535, 0.8337996605032375, 0.6547925169343269, 0.6297905411950212, 0.35838189822419464]"
15,bmi,pearson,validacao,"[0.40589707015335535, None, 0.21286630832098574, 0.47904765665706167, 0.7051520673549053, 0.08743046458912705]"
15,systolic_bp,pearson,validacao,"[0.8337996605032375, 0.21286630832098574, None, 0.004656797755781927, 0.23674405702061713, 0.04961199588383774]"
15,cholesterol_total,pearson,validacao,"[0.6547925169343269, 0.47904765665706167, 0.004656797755781927, None, 0.9924061974579893, 0.34711521355413855]"
15,mmse,pearson,validacao,"[0.6297905411950212, 0.7051520673549053, 0.23674405702061713, 0.9924061974579893, None, 0.10684364411812286]"
15,adl,pearson,validacao,"[0.35838189822419464, 0.08743046458912705, 0.04961199588383774, 0.34711521355413855, 0.10684364411812286, None]"
16,age,shapiro,amostra_1,1.1137005900829777e-10
16,age,shapiro,amostra_2,8.376003363119722e-11
16,age,shapiro,amostra_3,4.643380298319233e-12
16,bmi,shapiro,amostra_1,1.3980737401109167e-10
16,bmi,shapiro,amostra_2,4.07038118488412e-11
16,bmi,shapiro,amostra_3,1.460406795494862e-11
16,systolic_bp,shapiro,amostra_1,3.093576089741035e-11
16,systolic_bp,shapiro,amostra_2,6.59155618976115e-10
16,systolic_bp,shapiro,amostra_3,2.714740585108011e-11
16,cholesterol_total,shapiro,amostra_1,5.023908511425645e-10
16,cholesterol_total,shapiro,amostra_2,3.727747624471256e-11
16,cholesterol_total,shapiro,amostra_3,1.0345951872992032e-10
16,mmse,shapiro,amostra_1,6.856785694786538e-10
16,mmse,shapiro,amostra_2,1.668672006127636e-10
16,mmse,shapiro,amostra_3,5.533346558728169e-10
16,adl,shapiro,amostra_1,7.336176804928485e-12
16,adl,shapiro,amostra_2,6.840486510562016e-11
16,adl,shapiro,amostra_3,4.545220103069347e-11
16,age,kruskal,amostra_1_vs_amostra_2,0.526820863615664
16,age,kruskal,amostra_1_vs_amostra_3,0.6472769253259899
16,age,kruskal,amostra_2_vs_amostra_3,0.8902560040544725
16,bmi,kruskal,amostra_1_vs_amostra_2,0.9862344760510834
16,bmi,kruskal,amostra_1_vs_amostra_3,0.4702416036491648
16,bmi,kruskal,amostra_2_vs_amostra_3,0.4323991899155465
16,systolic_bp,kruskal,amostra_1_vs_amostra_2,0.28172898397521584
16,systolic_bp,kruskal,amostra_1_vs_amostra_3,0.670384122283479
16,systolic_bp,kruskal,amostra_2_vs_amostra_3,0.13206089732781717
16,cholesterol_total,kruskal,amostra_1_vs_amostra_2,0.19690308463307069
16,cholesterol_total,kruskal,amostra_1_vs_amostra_3,0.5223150007456661
16,cholesterol_total,kruskal,amostra_2_vs_amostra_3,0.5442329686310461
16,mmse,kruskal,amostra_1_vs_amostra_2,0.803688388603443
16,mmse,kruskal,amostra_1_vs_amostra_3,0.9690083374553081
16,mmse,kruskal,amostra_2_vs_amostra_3,0.8243189386569294
16,adl,kruskal,amostra_1_vs_amostra_2,0.9542397306713243
16,adl,kruskal,amostra_1_vs_amostra_3,0.5443177918917954
16,adl,kruskal,amostra_2_vs_amostra_3,0.5938112642760555
16,age,pearson,amostra_1,"[None, 0.2628702280343329, 0.8326865343044799, 0.857970138044713, 0.8011380310417152, 0.4601393430765479]"
16,age,pearson,amostra_2,"[None, 0.7102390865884546, 0.6879533813958831, 0.5751954622329369, 0.8235631332318539, 0.7245063302647624]"
16,age,pearson,amostra_3,"[None, 0.6889149121871935, 0.5459880216533023, 0.8991876842694798, 0.37040324133203645, 0.7178163971665253]"
16,bmi,pearson,amostra_1,"[0.2628702280343329, None, 0.24892755736088454, 0.8316581185555525, 0.6647907586684839, 0.551777623346405]"
16,bmi,pearson,amostra_2,"[0.7102390865884546, None, 0.18193268263216206, 0.13206784926835793, 0.6845298274833641, 0.4720085910124767]"
16,bmi,pearson,amostra_3,"[0.6889149121871935, None, 0.2860893624553872, 0.14701622047355264, 0.8051905897017639, 0.8210387349646505]"
16,systolic_bp,pearson,amostra_1,"[0.8326865343044799, 0.24892755736088454, None, 0.8059957345356915, 0.5098448430960891, 0.7318851161362689]"
16,systolic_bp,pearson,amostra_2,"[0.6879533813958831, 0.18193268263216206, None, 0.6958874145166178, 0.5113294185571347, 0.8503910421620067]"
16,systolic_bp,pearson,amostra_3,"[0.5459880216533023, 0.2860893624553872, None, 0.8176474753766875, 0.5805085758918839, 0.19721375125071555]"
16,cholesterol_total,pearson,amostra_1,"[0.857970138044713, 0.8316581185555525, 0.8059957345356915, None, 0.8602909482822562, 0.176968151432413]"
16,cholesterol_total,pearson,amostra_2,"[0.5751954622329369, 0.13206784926835793, 0.6958874145166178, None, 0.8640151961165932, 0.10225680295132529]"
16,cholesterol_total,pearson,amostra_3,"[0.8991876842694798, 0.14701622047355264, 0.8176474753766875, None, 0.3977155293764014, 0.9108059608279379]"
16,mmse,pearson,amostra_1,"[0.8011380310417152, 0.6647907586684839, 0.5098448430960891, 0.8602909482822562, None, 0.30177035889198545]"
16,mmse,pearson,amostra_2,"[0.8235631332318539, 0.6845298274833641, 0.5113294185571347, 0.8640151961165932, None, 0.9806533676024567]"
16,mmse,pearson,amostra_3,"[0.37040324133203645, 0.8051905897017639, 0.5805085758918839, 0.3977155293764014, None, 0.5694721951150935]"
16,adl,pearson,amostra_1,"[0.4601393430765479, 0.551777623346405, 0.7318851161362689, 0.176968151432413, 0.30177035889198545, None]"
16,adl,pearson,amostra_2,"[0.7245063302647624, 0.4720085910124767, 0.8503910421620067, 0.10225680295132529, 0.9806533676024567, None]"
16,adl,pearson,amostra_3,"[0.7178163971665253, 0.8210387349646505, 0.19721375125071555, 0.9108059608279379, 0.5694721951150935, None]"
16,age,shapiro,validacao,1.0962645145774687e-14
16,bmi,shapiro,validacao,6.353121696257846e-13
16,systolic_bp,shapiro,validacao,4.3844921725384733e-13
16,cholesterol_total,shapiro,validacao,1.3615070442590804e-12
16,mmse,shapiro,validacao,1.151591707193242e-13
16,adl,shapiro,validacao,3.895791566947693e-13
16,age,kruskal,validacao_vs_amostra_1,0.3866328676344126
16,age,kruskal,validacao_vs_amostra_2,0.13323265488328623
16,age,kruskal,validacao_vs_amostra_3,0.18022863049422058
16,bmi,kruskal,validacao_vs_amostra_1,0.46942627230429146
16,bmi,kruskal,validacao_vs_amostra_2,0.4491895637010136
16,bmi,kruskal,validacao_vs_amostra_3,0.9663573841670613
16,systolic_bp,kruskal,validacao_vs_amostra_1,0.05529610106722192
16,systolic_bp,kruskal,validacao_vs_amostra_2,0.4552217566517013
16,systolic_bp,kruskal,validacao_vs_amostra_3,0.01818095293472227
16,cholesterol_total,kruskal,validacao_vs_amostra_1,0.4948027616459987
16,cholesterol_total,kruskal,validacao_vs_amostra_2,0.03587910904829129
16,cholesterol_total,kruskal,validacao_vs_amostra_3,0.17076710054327526
16,mmse,kruskal,validacao_vs_amostra_1,0.10880030841095231
16,mmse,kruskal,validacao_vs_amostra_2,0.19157161863514155
16,mmse,kruskal,validacao_vs_amostra_3,0.11252808775991327
16,adl,kruskal,validacao_vs_amostra_1,0.9005390233667523
16,adl,kruskal,validacao_vs_amostra_2,0.9668211508197396
16,adl,kruskal,validacao_vs_amostra_3,0.5894879891855553
16,age,pearson,validacao,"[None, 0.05259418322835134, 0.5295310501999532, 0.6604816637658574, 0.2707390861059179, 0.05034530916316492]"
16,bmi,pearson,validacao,"[0.05259418322835134, None, 0.9237441332357261, 0.21471615259860677, 0.15360965487596032, 0.8504863668150853]"
16,systolic_bp,pearson,validacao,"[0.5295310501999532, 0.9237441332357261, None, 0.8835045541665267, 0.9924533431626236, 0.49032961585878193]"
16,cholesterol_total,pearson,validacao,"[0.6604816637658574, 0.21471615259860677, 0.8835045541665267, None, 0.5950935765073752, 0.7611659049725036]"
16,mmse,pearson,validacao,"[0.2707390861059179, 0.15360965487596032, 0.9924533431626236, 0.5950935765073752, None, 0.2678703766012283]"
16,adl,pearson,validacao,"[0.05034530916316492, 0.8504863668150853, 0.49032961585878193, 0.7611659049725036, 0.2678703766012283, None]"
17,age,shapiro,amostra_1,7.948613295338802e-11
17,age,shapiro,amostra_2,3.8296468773957315e-10
17,age,shapiro,amostra_3,1.4977208709354706e-11
17,bmi,shapiro,amostra_1,8.079034663488471e-11
17,bmi,shapiro,amostra_2,6.740510927194521e-11
17,bmi,shapiro,amostra_3,2.0574264514294782e-10
17,systolic_bp,shapiro,amostra_1,3.20050843466424e-12
17,systolic_bp,shapiro,amostra_2,4.814303955491539e-10
17,systolic_bp,shapiro,amostra_3,1.0076004614001377e-10
17,cholesterol_total,shapiro,amostra_1,5.256232671335681e-10
17,cholesterol_total,shapiro,amostra_2,2.2423311818453584e-10
17,cholesterol_total,shapiro,amostra_3,1.0099052843992595e-10
17,mmse,shapiro,amostra_1,1.2916821778841125e-10
17,mmse,shapiro,amostra_2,4.1526782013079355e-10
17,mmse,shapiro,amostra_3,4.4403458687725106e-10
17,adl,shapiro,amostra_1,3.737678569426528e-11
17,adl,shapiro,amostra_2,2.200625532494671e-12
17,adl,shapiro,amostra_3,3.573647974763894e-11
17,age,kruskal,amostra_1_vs_amostra_2,0.3449689628192234
17,age,kruskal,amostra_1_vs_amostra_3,0.9922456792155169
17,age,kruskal,amostra_2_vs_amostra_3,0.31025238760434604
17,bmi,kruskal,amostra_1_vs_amostra_2,0.03836655708245391
17,bmi,kruskal,amostra_1_vs_amostra_3,0.853082926008963
17,bmi,kruskal,amostra_2_vs_amostra_3,0.02224625659134086
17,systolic_bp,kruskal,amostra_1_vs_amostra_2,0.5009824171807966
17,systolic_bp,kruskal,amostra_1_vs_amostra_3,0.7111756756621262
17,systolic_bp,kruskal,amostra_2_vs_amostra_3,0.2624787861194853
17,cholesterol_total,kruskal,amostra_1_vs_amostra_2,0.5368764663959193
17,cholesterol_total,kruskal,amostra_1_vs_amostra_3,0.9705368210496395
17,cholesterol_total,kruskal,amostra_2_vs_amostra_3,0.49656082260644385
17,mmse,kruskal,amostra_1_vs_amostra_2,0.9136968078719709
17,mmse,kruskal,amostra_1_vs_amostra_3,0.5696311934893862
17,mmse,kruskal,amostra_2_vs_amostra_3,0.6403230983108971
17,adl,kruskal,amostra_1_vs_amostra_2,0.3493904483256237
17,adl,kruskal,amostra_1_vs_amostra_3,0.7409270851850196
17,adl,kruskal,amostra_2_vs_amostra_3,0.2219786132140414
17,age,pearson,amostra_1,"[None, 0.6278683971807282, 0.9383934030161141, 0.2947681824310532, 0.23648106917846864, 0.8163417020731165]"
17,age,pearson,amostra_2,"[None, 0.9743971569650751, 0.9009395015602825, 0.08797449615866468, 0.15492647407166096, 0.8990572547132604]"
17,age,pearson,amostra_3,"[None, 0.2221508082585319, 0.7136554324563142, 0.5198117590364488, 0.4152426113184151, 0.333422745485872]"
17,bmi,pearson,amostra_1,"[0.6278683971807282, None, 0.5882210913678114, 0.011607849620516565, 0.8334944476033486, 0.5739362040561837]"
17,bmi,pearson,amostra_2,"[0.9743971569650751, None, 0.06987155339163702, 0.4325345446481275, 0.5717719801964547, 0.031209565350539856]"
17,bmi,pearson,amostra_3,"[0.2221508082585319, None, 0.3055773648566829, 0.6930710236635932, 0.802400489918261, 0.46066780479398206]"
17,systolic_bp,pearson,amostra_1,"[0.9383934030161141, 0.5882210913678114, None, 0.66527911578733, 0.9848471475610217, 0.9613451558023864]"
17,systolic_bp,pearson,amostra_2,"[0.9009395015602825, 0.06987155339163702, None, 0.5230622833375194, 0.8263545966659611, 0.830210216210543]"
17,systolic_bp,pearson,amostra_3,"[0.7136554324563142, 0.3055773648566829, None, 0.15574164576270189, 0.80482221811726, 0.1663225963795812]"
17,cholesterol_total,pearson,amostra_1,"[0.2947681824310532, 0.011607849620516565, 0.66527911578733, None, 0.4081482399743559, 0.24145009324785052]"
17,cholesterol_total,pearson,amostra_2,"[0.08797449615866468, 0.4325345446481275, 0.5230622833375194, None, 0.9532934027729191, 0.30222272368628617]"
17,cholesterol_total,pearson,amostra_3,"[0.5198117590364488, 0.6930710236635932, 0.15574164576270189, None, 0.41770495546890685, 0.7579206144632323]"
17,mmse,pearson,amostra_1,"[0.23648106917846864, 0.8334944476033486, 0.9848471475610217, 0.4081482399743559, None, 0.488633711149172]"
17,mmse,pearson,amostra_2,"[0.15492647407166096, 0.5717719801964547, 0.8263545966659611, 0.9532934027729191, None, 0.40306009596781456]"
17,mmse,pearson,amostra_3,"[0.4152426113184151, 0.802400489918261, 0.80482221811726, 0.41770495546890685, None, 0.5744909697270925]"
17,adl,pearson,amostra_1,"[0.8163417020731165, 0.5739362040561837, 0.9613451558023864, 0.24145009324785052, 0.488633711149172, None]"
17,adl,pearson,amostra_2,"[0.8990572547132604, 0.031209565350539856, 0.830210216210543, 0.30222272368628617, 0.40306009596781456, None]"
17,adl,pearson,amostra_3,"[0.333422745485872, 0.46066780479398206, 0.1663225963795812, 0.7579206144632323, 0.5744909697270925, None]"
17,age,shapiro,validacao,3.210267880519868e-13
17,bmi,shapiro,validacao,2.7370941342412525e-13
17,systolic_bp,shapiro,validacao,8.917747725163683e-13
17,cholesterol_total,shapiro,validacao,1.736431484711254e-11
17,mmse,shapiro,validacao,2.634369705343219e-14
17,adl,shapiro,validacao,1.3156540947293315e-14
17,age,kruskal,validacao_vs_amostra_1,0.7035766127901317
17,age,kruskal,validacao_vs_amostra_2,0.5203363022465498
17,age,kruskal,validacao_vs_amostra_3,0.673583916148697
17,bmi,kruskal,validacao_vs_amostra_1,0.28867857584936873
17,bmi,kruskal,validacao_vs_amostra_2,0.252614502144906
17,bmi,kruskal,validacao_vs_amostra_3,0.2083049703264055
17,systolic_bp,kruskal,validacao_vs_amostra_1,0.44394290385624957
17,systolic_bp,kruskal,validacao_vs_amostra_2,0.9578538465134624
17,systolic_bp,kruskal,validacao_vs_amostra_3,0.2156180957743119
17,cholesterol_total,kruskal,validacao_vs_amostra_1,0.1507637686540756
17,cholesterol_total,kruskal,validacao_vs_amostra_2,0.4500033696640878
17,cholesterol_total,kruskal,validacao_vs_amostra_3,0.13776779761542787
17,mmse,kruskal,validacao_vs_amostra_1,0.9367068216215306
17,mmse,kruskal,validacao_vs_amostra_2,0.9640387247514687
17,mmse,kruskal,validacao_vs_amostra_3,0.5874831115258052
17,adl,kruskal,validacao_vs_amostra_1,0.47480276323671655
17,adl,kruskal,validacao_vs_amostra_2,0.8205888648316354
17,adl,kruskal,validacao_vs_amostra_3,0.2778902938521492
17,age,pearson,validacao,"[None, 0.7436317504786336, 0.8545415285816405, 0.528829913856275, 0.47181261266901753, 0.11324342901157645]"
17,bmi,pearson,validacao,"[0.7436317504786336, None, 0.5931886803143361, 0.09881264997956729, 0.951172154236996, 0.9758788330487473]"
17,systolic_bp,pearson,validacao,"[0.8545415285816405, 0.5931886803143361, None, 0.311252162370711, 0.4358640087520569, 0.5572907721764169]"
17,cholesterol_total,pearson,validacao,"[0.528829913856275, 0.09881264997956729, 0.311252162370711, None, 0.7949372102429617, 0.8867789499604357]"
17,mmse,pearson,validacao,"[0.47181261266901753, 0.951172154236996, 0.4358640087520569, 0.7949372102429617, None, 0.8846576943999815]"
17,adl,pearson,validacao,"[0.11324342901157645, 0.9758788330487473, 0.5572907721764169, 0.8867789499604357, 0.8846576943999815, None]"
18,age,shapiro,amostra_1,1.2735006105213387e-10
18,age,shapiro,amostra_2,3.056203901063981e-11
18,age,shapiro,amostra_3,1.1078996747793113e-10
18,bmi,shapiro,amostra_1,5.7611089510078983e-11
18,bmi,shapiro,amostra_2,7.741038365871589e-11
18,bmi,shapiro,amostra_3,3.116841229555689e-10
18,systolic_bp,shapiro,amostra_1,3.9475707425129514e-11
18,systolic_bp,shapiro,amostra_2,5.924867541029499e-11
18,systolic_bp,shapiro,amostra_3,2.720727254601485e-10
18,cholesterol_total,shapiro,amostra_1,3.1499647334953806e-10
18,cholesterol_total,shapiro,amostra_2,4.514343343586802e-10
18,cholesterol_total,shapiro,amostra_3,1.1377434550041698e-09
18,mmse,shapiro,amostra_1,1.7153806153302753e-11
18,mmse,shapiro,amostra_2,1.940755021967444e-11
18,mmse,shapiro,amostra_3,1.1738165994756855e-11
18,adl,shapiro,amostra_1,1.8714942789932465e-11
18,adl,shapiro,amostra_2,7.833285235736565e-12
18,adl,shapiro,amostra_3,1.8761018780177885e-11
18,age,kruskal,amostra_1_vs_amostra_2,0.06917609723387948
18,age,kruskal,amostra_1_vs_amostra_3,0.721636013925812
18,age,kruskal,amostra_2_vs_amostra_3,0.15881364031679662
18,bmi,kruskal,amostra_1_vs_amostra_2,0.7365865585538778
18,bmi,kruskal,amostra_1_vs_amostra_3,0.5473767194714998
18,bmi,kruskal,amostra_2_vs_amostra_3,0.8199441361354833
18,systolic_bp,kruskal,amostra_1_vs_amostra_2,0.8187368682010169
18,systolic_bp,kruskal,amostra_1_vs_amostra_3,0.33448512254390655
18,systolic_bp,kruskal,amostra_2_vs_amostra_3,0.21647201401164604
18,cholesterol_total,kruskal,amostra_1_vs_amostra_2,0.7223709514294114
18,cholesterol_total,kruskal,amostra_1_vs_amostra_3,0.6326626197412248
18,cholesterol_total,kruskal,amostra_2_vs_amostra_3,0.8971925483670214
18,mmse,kruskal,amostra_1_vs_amostra_2,0.7528328980137954
18,mmse,kruskal,amostra_1_vs_amostra_3,0.23561827296986368
18,mmse,kruskal,amostra_2_vs_amostra_3,0.39503171701241013
18,adl,kruskal,amostra_1_vs_amostra_2,0.038080769527244485
18,adl,kruskal,amostra_1_vs_amostra_3,0.9769575546961955
18,adl,kruskal,amostra_2_vs_amostra_3,0.03762024325595032
18,age,pearson,amostra_1,"[None, 0.32575752040300054, 0.6671432359615902, 0.3188889335578294, 0.20524847492896184, 0.04227018600739576]"
18,age,pearson,amostra_2,"[None, 0.3025328016788958, 0.9330536592341498, 0.03295652064990876, 0.5439542756469212, 0.28305734169762886]"
18,age,pearson,amostra_3,"[None, 0.3130160132952831, 0.4849641888554165, 0.8106447620856588, 0.7410822863278101, 0.8597439145611097]"
18,bmi,pearson,amostra_1,"[0.32575752040300054, None, 0.8583334717024977, 0.9569143832338189, 0.513608873236081, 0.7257341451149251]"
18,bmi,pearson,amostra_2,"[0.3025328016788958, None, 0.5622620312952069, 0.4217339092870447, 0.7304423904985224, 0.06848839076284112]"
18,bmi,pearson,amostra_3,"[0.3130160132952831, None, 0.7417034227506721, 0.5816077265461916, 0.7788240828204641, 0.6519150899783615]"
18,systolic_bp,pearson,amostra_1,"[0.6671432359615902, 0.8583334717024977, None, 0.16092089279334282, 0.48539991809447436, 0.02211656826536086]"
18,systolic_bp,pearson,amostra_2,"[0.9330536592341498, 0.5622620312952069, None, 0.475071841992419, 0.4126089282287364, 0.5297372672363029]"
18,systolic_bp,pearson,amostra_3,"[0.4849641888554165, 0.7417034227506721, None, 0.4316158446851852, 0.33409224857041675, 0.6638161863208613]"
18,cholesterol_total,pearson,amostra_1,"[0.3188889335578294, 0.9569143832338189, 0.16092089279334282, None, 0.9779768329285473, 0.04433141616002947]"
18,cholesterol_total,pearson,amostra_2,"[0.03295652064990876, 0.4217339092870447, 0.475071841992419, None, 0.5925538836745025, 0.2035737295470454]"
18,cholesterol_total,pearson,amostra_3,"[0.8106447620856588, 0.5816077265461916, 0.4316158446851852, None, 0.686061421010717, 0.5478414667241748]"
18,mmse,pearson,amostra_1,"[0.20524847492896184, 0.513608873236081, 0.48539991809447436, 0.9779768329285473, None, 0.8409929827434764]"
18,mmse,pearson,amostra_2,"[0.5439542756469212, 0.7304423904985224, 0.4126089282287364, 0.5925538836745025, None, 0.7627833034854253]"
18,mmse,pearson,amostra_3,"[0.7410822863278101, 0.7788240828204641, 0.33409224857041675, 0.686061421010717, None, 0.8630069778229489]"
18,adl,pearson,amostra_1,"[0.04227018600739576, 0.7257341451149251, 0.02211656826536086, 0.04433141616002947, 0.8409929827434764, None]"
18,adl,pearson,amostra_2,"[0.28305734169762886, 0.06848839076284112, 0.5297372672363029, 0.2035737295470454, 0.7627833034854253, None]"
18,adl,pearson,amostra_3,"[0.8597439145611097, 0.6519150899783615, 0.6638161863208613, 0.5478414667241748, 0.8630069778229489, None]"
18,age,shapiro,validacao,7.822087026492994e-14
18,bmi,shapiro,validacao,4.5022481836437533e-13
18,systolic_bp,shapiro,validacao,2.089235089184488e-13
18,cholesterol_total,shapiro,validacao,5.654072696148482e-12
18,mmse,shapiro,validacao,8.857928361074782e-14
18,adl,shapiro,validacao,3.5280370679481414e-15
18,age,kruskal,validacao_vs_amostra_1,0.003674064394495921
18,age,kruskal,validacao_vs_amostra_2,0.3563679866409505
18,age,kruskal,validacao_vs_amostra_3,0.014023159227111321
18,bmi,kruskal,validacao_vs_amostra_1,0.05457847670137556
18,bmi,kruskal,validacao_vs_amostra_2,0.1265173542226792
18,bmi,kruskal,validacao_vs_amostra_3,0.19389012193435853
18,systolic_bp,kruskal,validacao_vs_amostra_1,0.08483623286536884
18,systolic_bp,kruskal,validacao_vs_amostra_2,0.04585391109055007
18,systolic_bp,kruskal,validacao_vs_amostra_3,0.5032651386192737
18,cholesterol_total,kruskal,validacao_vs_amostra_1,0.9328516417093959
18,cholesterol_total,kruskal,validacao_vs_amostra_2,0.7465701844292607
18,cholesterol_total,kruskal,validacao_vs_amostra_3,0.6657752846433113
18,mmse,kruskal,validacao_vs_amostra_1,0.14346247723437744
18,mmse,kruskal,validacao_vs_amostra_2,0.2543072412047253
18,mmse,kruskal,validacao_vs_amostra_3,0.8908748299118064
18,adl,kruskal,validacao_vs_amostra_1,0.6598661501443305
18,adl,kruskal,validacao_vs_amostra_2,0.07928236542876264
18,adl,kruskal,validacao_vs_amostra_3,0.6277521489071962
18,age,pearson,validacao,"[None, 0.1719927573503491, 0.2283760324282359, 0.42496715068766266, 0.725023416325815, 0.829931138360552]"
18,bmi,pearson,validacao,"[0.1719927573503491, None, 0.948814062187334, 0.7564010123897723, 0.35391666682447914, 0.8501796669980067]"
18,systolic_bp,pearson,validacao,"[0.2283760324282359, 0.948814062187334, None, 0.30822154613267616, 0.4179930003421455, 0.983974728382832]"
18,cholesterol_total,pearson,validacao,"[0.42496715068766266, 0.7564010123897723, 0.30822154613267616, None, 0.5274694083352812, 0.3834772175155016]"
18,mmse,pearson,validacao,"[0.725023416325815, 0.35391666682447914, 0.4179930003421455, 0.5274694083352812, None, 0.7661638628494668]"
18,adl,pearson,validacao,"[0.829931138360552, 0.8501796669980067, 0.983974728382832, 0.3834772175155016, 0.7661638628494668, None]"
19,age,shapiro,amostra_1,3.182791530331741e-11
19,age,shapiro,amostra_2,3.5924114377694494e-11
19,age,shapiro,amostra_3,1.0964474120300771e-11
19,bmi,shapiro,amostra_1,1.393931081672406e-09
19,bmi,shapiro,amostra_2,2.395946774313984e-10
19,bmi,shapiro,amostra_3,2.1515925152648663e-10
19,systolic_bp,shapiro,amostra_1,3.202849790939766e-11
19,systolic_bp,shapiro,amostra_2,1.2539567995073497e-10
19,systolic_bp,shapiro,amostra_3,1.0604957884075006e-10
19,cholesterol_total,shapiro,amostra_1,1.3320778924352794e-09
19,cholesterol_total,shapiro,amostra_2,4.723346158641561e-10
19,cholesterol_total,shapiro,amostra_3,1.791007564477809e-09
19,mmse,shapiro,amostra_1,2.0482697482560042e-10
19,mmse,shapiro,amostra_2,2.403127870309607e-11
19,mmse,shapiro,amostra_3,1.9487889080238574e-10
19,adl,shapiro,amostra_1,1.2062421374248178e-11
19,adl,shapiro,amostra_2,2.775704796217915e-12
19,adl,shapiro,amostra_3,1.126328284112299e-11
19,age,kruskal,amostra_1_vs_amostra_2,0.5656826192765344
19,age,kruskal,amostra_1_vs_amostra_3,0.6143803476028684
19,age,kruskal,amostra_2_vs_amostra_3,0.27847978793838557
19,bmi,kruskal,amostra_1_vs_amostra_2,0.9727787860974794
19,bmi,kruskal,amostra_1_vs_amostra_3,0.29452862391736534
19,bmi,kruskal,amostra_2_vs_amostra_3,0.33057175200262545
19,systolic_bp,kruskal,amostra_1_vs_amostra_2,0.6774776868376196
19,systolic_bp,kruskal,amostra_1_vs_amostra_3,0.6636913692534594
19,systolic_bp,kruskal,amostra_2_vs_amostra_3,0.3794848185647208
19,cholesterol_total,kruskal,amostra_1_vs_amostra_2,0.476312999423419
19,cholesterol_total,kruskal,amostra_1_vs_amostra_3,0.7040716216235197
19,cholesterol_total,kruskal,amostra_2_vs_amostra_3,0.7405409216645606
19,mmse,kruskal,amostra_1_vs_amostra_2,0.5722365635323527
19,mmse,kruskal,amostra_1_vs_amostra_3,0.31364775498022684
19,mmse,kruskal,amostra_2_vs_amostra_3,0.13742407881601315
19,adl,kruskal,amostra_1_vs_amostra_2,0.9020484071548643
19,adl,kruskal,amostra_1_vs_amostra_3,0.8999235073642656
19,adl,kruskal,amostra_2_vs_amostra_3,0.8259111424594583
19,age,pearson,amostra_1,"[None, 0.5052804940280721, 0.8311086339319653, 0.2667725677898651, 0.9065228447589536, 0.35508300963538864]"
19,age,pearson,amostra_2,"[None, 0.7812144469721476, 0.49716067676430337, 0.21749849701709462, 0.9436929797235721, 0.8215737492389352]"
19,age,pearson,amostra_3,"[None, 0.8859577413179407, 0.8970791212789833, 0.9902689745421428, 0.5620995183120144, 0.37426623363470696]"
19,bmi,pearson,amostra_1,"[0.5052804940280721, None, 0.906973691263465, 0.8327334318464459, 0.08919242584365723, 0.6999396296318978]"
19,bmi,pearson,amostra_2,"[0.7812144469721476, None, 0.1043042692905922, 0.255690003472977, 0.8307429490327358, 0.905805205293111]"
19,bmi,pearson,amostra_3,"[0.8859577413179407, None, 0.24528951534457716, 0.26211206740574866, 0.9875600717715363, 0.11059476734596638]"
19,systolic_bp,pearson,amostra_1,"[0.8311086339319653, 0.906973691263465, None, 0.7750915071046551, 0.8668003759506272, 0.8117801811399471]"
19,systolic_bp,pearson,amostra_2,"[0.49716067676430337, 0.1043042692905922, None, 0.8815228045219432, 0.11754472875290624, 0.09609751780548621]"
19,systolic_bp,pearson,amostra_3,"[0.8970791212789833, 0.24528951534457716, None, 0.9913212210812453, 0.7521970889506259, 0.7246275348047986]"
19,cholesterol_total,pearson,amostra_1,"[0.2667725677898651, 0.8327334318464459, 0.7750915071046551, None, 0.19347822489128383, 0.4029918427758953]"
19,cholesterol_total,pearson,amostra_2,"[0.21749849701709462, 0.255690003472977, 0.8815228045219432, None, 0.7308935592676518, 0.4058079306284797]"
19,cholesterol_total,pearson,amostra_3,"[0.9902689745421428, 0.26211206740574866, 0.9913212210812453, None, 0.19143531953791568, 0.404637156161023]"
19,mmse,pearson,amostra_1,"[0.9065228447589536, 0.08919242584365723, 0.8668003759506272, 0.19347822489128383, None, 0.8874013662875029]"
19,mmse,pearson,amostra_2,"[0.9436929797235721, 0.8307429490327358, 0.11754472875290624, 0.7308935592676518, None, 0.6972287342533162]"
19,mmse,pearson,amostra_3,"[0.5620995183120144, 0.9875600717715363, 0.7521970889506259, 0.19143531953791568, None, 0.8578832490010959]"
19,adl,pearson,amostra_1,"[0.35508300963538864, 0.6999396296318978, 0.8117801811399471, 0.4029918427758953, 0.8874013662875029, None]"
19,adl,pearson,amostra_2,"[0.8215737492389352, 0.905805205293111, 0.09609751780548621, 0.4058079306284797, 0.6972287342533162, None]"
19,adl,pearson,amostra_3,"[0.37426623363470696, 0.11059476734596638, 0.7246275348047986, 0.404637156161023, 0.8578832490010959, None]"
19,age,shapiro,validacao,1.4787518811450878e-13
19,bmi,shapiro,validacao,8.823924392813848e-14
19,systolic_bp,shapiro,validacao,2.6947782655502295e-13
19,cholesterol_total,shapiro,validacao,1.5558085418934664e-12
19,mmse,shapiro,validacao,2.355943944706146e-13
19,adl,shapiro,validacao,2.4706099457385243e-14
19,age,kruskal,validacao_vs_amostra_1,0.8064853183904397
19,age,kruskal,validacao_vs_amostra_2,0.3934184729122415
19,age,kruskal,validacao_vs_amostra_3,0.7473881990486089
19,bmi,kruskal,validacao_vs_amostra_1,0.5500042945990222
19,bmi,kruskal,validacao_vs_amostra_2,0.5117448898483599
19,bmi,kruskal,validacao_vs_amostra_3,0.09855605830324933
19,systolic_bp,kruskal,validacao_vs_amostra_1,0.4931765582485471
19,systolic_bp,kruskal,validacao_vs_amostra_2,0.26009380227687945
19,systolic_bp,kruskal,validacao_vs_amostra_3,0.8470634273117346
19,cholesterol_total,kruskal,validacao_vs_amostra_1,0.6830568576537916
19,cholesterol_total,kruskal,validacao_vs_amostra_2,0.27677537372051597
19,cholesterol_total,kruskal,validacao_vs_amostra_3,0.41145166758859153
19,mmse,kruskal,validacao_vs_amostra_1,0.6823452449903111
19,mmse,kruskal,validacao_vs_amostra_2,0.3198798576010151
19,mmse,kruskal,validacao_vs_amostra_3,0.5054027956227776
19,adl,kruskal,validacao_vs_amostra_1,0.3939019306193857
19,adl,kruskal,validacao_vs_amostra_2,0.48371714327214443
19,adl,kruskal,validacao_vs_amostra_3,0.32395339153021036
19,age,pearson,validacao,"[None, 0.6319716194801707, 0.6476519667853997, 0.5585124357474262, 0.9713411433864245, 0.35682959898394306]"
19,bmi,pearson,validacao,"[0.6319716194801707, None, 0.7254603986970253, 0.5501755448575604, 0.31182626153367843, 0.18137522622661426]"
19,systolic_bp,pearson,validacao,"[0.6476519667853997, 0.7254603986970253, None, 0.54945650535333, 0.7399538804120255, 0.9005015097739644]"
19,cholesterol_total,pearson,validacao,"[0.5585124357474262, 0.5501755448575604, 0.54945650535333, None, 0.6675087237576761, 0.2396949309001824]"
19,mmse,pearson,validacao,"[0.9713411433864245, 0.31182626153367843, 0.7399538804120255, 0.6675087237576761, None, 0.7100409029265005]"
19,adl,pearson,validacao,"[0.35682959898394306, 0.18137522622661426, 0.9005015097739644, 0.2396949309001824, 0.7100409029265005, None]"
20,age,shapiro,amostra_1,5.267782304113622e-12
20,age,shapiro,amostra_2,6.866222174162218e-11
20,age,shapiro,amostra_3,7.170728420768935e-12
20,bmi,shapiro,amostra_1,1.811938446505401e-11
20,bmi,shapiro,amostra_2,2.7567401139627634e-10
20,bmi,shapiro,amostra_3,2.2593496518119593e-10
20,systolic_bp,shapiro,amostra_1,2.7253494599976946e-11
20,systolic_bp,shapiro,amostra_2,4.9438401289458866e-11
20,systolic_bp,shapiro,amostra_3,2.7526730894678053e-10
20,cholesterol_total,shapiro,amostra_1,3.3431038493070275e-10
20,cholesterol_total,shapiro,amostra_2,6.524653595185725e-10
20,cholesterol_total,shapiro,amostra_3,2.0027006442102646e-10
20,mmse,shapiro,amostra_1,1.2858369750901044e-11
20,mmse,shapiro,amostra_2,7.350296586661198e-12
20,mmse,shapiro,amostra_3,2.2595422755067318e-10
20,adl,shapiro,amostra_1,4.0561290762762547e-13
20,adl,shapiro,amostra_2,7.610795674239945e-13
20,adl,shapiro,amostra_3,6.155121985013112e-13
20,age,kruskal,amostra_1_vs_amostra_2,0.3880987271184757
20,age,kruskal,amostra_1_vs_amostra_3,0.1800302622885724
20,age,kruskal,amostra_2_vs_amostra_3,0.622207936070525
20,bmi,kruskal,amostra_1_vs_amostra_2,0.98358368175358
20,bmi,kruskal,amostra_1_vs_amostra_3,0.6997122680313351
20,bmi,kruskal,amostra_2_vs_amostra_3,0.6845330789978481
20,systolic_bp,kruskal,amostra_1_vs_amostra_2,0.39577382412869644
20,systolic_bp,kruskal,amostra_1_vs_amostra_3,0.6204942813217799
20,systolic_bp,kruskal,amostra_2_vs_amostra_3,0.1868986845302988
20,cholesterol_total,kruskal,amostra_1_vs_amostra_2,0.9958191710224952
20,cholesterol_total,kruskal,amostra_1_vs_amostra_3,0.6665039259724344
20,cholesterol_total,kruskal,amostra_2_vs_amostra_3,0.6736745409598537
20,mmse,kruskal,amostra_1_vs_amostra_2,0.9886814982187595
20,mmse,kruskal,amostra_1_vs_amostra_3,0.22833096930789043
20,mmse,kruskal,amostra_2_vs_amostra_3,0.2504196101682353
20,adl,kruskal,amostra_1_vs_amostra_2,0.9424359022256759
20,adl,kruskal,amostra_1_vs_amostra_3,0.5117342647755385
20,adl,kruskal,amostra_2_vs_amostra_3,0.5398299639158224
20,age,pearson,amostra_1,"[None, 0.2818102556678445, 0.710538131044968, 0.9841269625195729, 0.7166542518612267, 0.018902913501449722]"
20,age,pearson,amostra_2,"[None, 0.9524437809561511, 0.8085184228258344, 0.26695543918373105, 0.13472817050507552, 0.06828474224719913]"
20,age,pearson,amostra_3,"[None, 0.13522457291768, 0.6762149678893887, 0.16832971116487225, 0.8888997336567478, 0.29846640608281494]"
20,bmi,pearson,amostra_1,"[0.2818102556678445, None, 0.8451219280296314, 0.04259444856310521, 0.14675753014397666, 0.2046265420457172]"
20,bmi,pearson,amostra_2,"[0.9524437809561511, None, 0.46540332885709323, 0.671036131366115, 0.25035107620004765, 0.39887605596109826]"
20,bmi,pearson,amostra_3,"[0.13522457291768, None, 0.34259830094604915, 0.15383166057319916, 0.976848413982917, 0.27673237989127164]"
20,systolic_bp,pearson,amostra_1,"[0.710538131044968, 0.8451219280296314, None, 0.05829508942366016, 0.945381442103973, 0.9678592878568184]"
20,systolic_bp,pearson,amostra_2,"[0.8085184228258344, 0.46540332885709323, None, 0.3527564555032225, 0.932883579080613, 0.6322363381960278]"
20,systolic_bp,pearson,amostra_3,"[0.6762149678893887, 0.34259830094604915, None, 0.5946470996983075, 0.9167603313858854, 0.5265325167467456]"
20,cholesterol_total,pearson,amostra_1,"[0.9841269625195729, 0.04259444856310521, 0.05829508942366016, None, 0.45316626563395834, 0.19682938369541153]"
20,cholesterol_total,pearson,amostra_2,"[0.26695543918373105, 0.671036131366115, 0.3527564555032225, None, 0.9951859656616926, 0.7083698428929068]"
20,cholesterol_total,pearson,amostra_3,"[0.16832971116487225, 0.15383166057319916, 0.5946470996983075, None, 0.9168787664773447, 0.7757722525763787]"
20,mmse,pearson,amostra_1,"[0.7166542518612267, 0.14675753014397666, 0.945381442103973, 0.45316626563395834, None, 0.24822166907678753]"
20,mmse,pearson,amostra_2,"[0.13472817050507552, 0.25035107620004765, 0.932883579080613, 0.9951859656616926, None, 0.4728870825935905]"
20,mmse,pearson,amostra_3,"[0.8888997336567478, 0.976848413982917, 0.9167603313858854, 0.9168787664773447, None, 0.4552930041311956]"
20,adl,pearson,amostra_1,"[0.018902913501449722, 0.2046265420457172, 0.9678592878568184, 0.19682938369541153, 0.24822166907678753, None]"
20,adl,pearson,amostra_2,"[0.06828474224719913, 0.39887605596109826, 0.6322363381960278, 0.7083698428929068, 0.4728870825935905, None]"
20,adl,pearson,amostra_3,"[0.29846640608281494, 0.27673237989127164, 0.5265325167467456, 0.7757722525763787, 0.4552930041311956, None]"
20,age,shapiro,validacao,8.45941901055601e-14
20,bmi,shapiro,validacao,1.5304555853971197e-13
20,systolic_bp,shapiro,validacao,4.35819593304701e-13
20,cholesterol_total,shapiro,validacao,6.728481161989708e-13
20,mmse,shapiro,validacao,1.4525356015638452e-13
20,adl,shapiro,validacao,1.9399588272600576e-12
20,age,kruskal,validacao_vs_amostra_1,0.8523875811656807
20,age,kruskal,validacao_vs_amostra_2,0.4518993247790891
20,age,kruskal,validacao_vs_amostra_3,0.1967157191819628
20,bmi,kruskal,validacao_vs_amostra_1,0.25181120177044597
20,bmi,kruskal,validacao_vs_amostra_2,0.240829541012624
20,bmi,kruskal,validacao_vs_amostra_3,0.4288912364195767
20,systolic_bp,kruskal,validacao_vs_amostra_1,0.21421996696008827
20,systolic_bp,kruskal,validacao_vs_amostra_2,0.748020533590281
20,systolic_bp,kruskal,validacao_vs_amostra_3,0.07002804372782083
20,cholesterol_total,kruskal,validacao_vs_amostra_1,0.79595138154977
20,cholesterol_total,kruskal,validacao_vs_amostra_2,0.7712190094403865
20,cholesterol_total,kruskal,validacao_vs_amostra_3,0.4449019134861768
20,mmse,kruskal,validacao_vs_amostra_1,0.49504791727054465
20,mmse,kruskal,validacao_vs_amostra_2,0.5375224894232722
20,mmse,kruskal,validacao_vs_amostra_3,0.5395715050963359
20,adl,kruskal,validacao_vs_amostra_1,0.6240426615759477
20,adl,kruskal,validacao_vs_amostra_2,0.7104461851560462
20,adl,kruskal,validacao_vs_amostra_3,0.7351440749742506
20,age,pearson,validacao,"[None, 0.810054293101159, 0.9200486529011047, 0.9637708661655825, 0.6285251356188146, 0.5089293156623148]"
20,bmi,pearson,validacao,"[0.810054293101159, None, 0.3823814760506023, 0.37822024874956867, 0.5627455173578719, 0.1198626727371592]"
20,systolic_bp,pearson,validacao,"[0.9200486529011047, 0.3823814760506023, None, 0.07363709346316986, 0.6694955589556726, 0.604872625094722]"
20,cholesterol_total,pearson,validacao,"[0.9637708661655825, 0.37822024874956867, 0.07363709346316986, None, 0.2137775976380796, 0.30926045222306403]"
20,mmse,pearson,validacao,"[0.6285251356188146, 0.5627455173578719, 0.6694955589556726, 0.2137775976380796, None, 0.32633940964176256]"
20,adl,pearson,validacao,"[0.5089293156623148, 0.1198626727371592, 0.604872625094722, 0.30926045222306403, 0.32633940964176256, None]"
21,age,shapiro,amostra_1,1.0023493840494169e-10
21,age,shapiro,amostra_2,2.606616034128706e-10
21,age,shapiro,amostra_3,4.665082556365441e-11
21,bmi,shapiro,amostra_1,9.445218912551567e-11
21,bmi,shapiro,amostra_2,1.0927472815502881e-10
21,bmi,shapiro,amostra_3,3.5797617647936875e-10
21,systolic_bp,shapiro,amostra_1,1.0105073722233016e-10
21,systolic_bp,shapiro,amostra_2,9.050508120722611e-10
21,systolic_bp,shapiro,amostra_3,3.6808982945002455e-11
21,cholesterol_total,shapiro,amostra_1,1.4191128827611976e-10
21,cholesterol_total,shapiro,amostra_2,1.7676865526894403e-10
21,cholesterol_total,shapiro,amostra_3,2.988170821893732e-11
21,mmse,shapiro,amostra_1,2.366534919417962e-11
21,mmse,shapiro,amostra_2,1.0550982310064683e-09
21,mmse,shapiro,amostra_3,2.0025719364019645e-12
21,adl,shapiro,amostra_1,2.6081605625227766e-11
21,adl,shapiro,amostra_2,4.7699868360728814e-11
21,adl,shapiro,amostra_3,5.083367060620958e-11
21,age,kruskal,amostra_1_vs_amostra_2,0.17865462588949732
21,age,kruskal,amostra_1_vs_amostra_3,0.7550149305929158
21,age,kruskal,amostra_2_vs_amostra_3,0.10349361101003783
21,bmi,kruskal,amostra_1_vs_amostra_2,0.7634330614388681
21,bmi,kruskal,amostra_1_vs_amostra_3,0.8980015947405869
21,bmi,kruskal,amostra_2_vs_amostra_3,0.6851904604668843
21,systolic_bp,kruskal,amostra_1_vs_amostra_2,0.3765109218219944
21,systolic_bp,kruskal,amostra_1_vs_amostra_3,0.7647790888398799
21,systolic_bp,kruskal,amostra_2_vs_amostra_3,0.5518631191994436
21,cholesterol_total,kruskal,amostra_1_vs_amostra_2,0.3662933917819423
21,cholesterol_total,kruskal,amostra_1_vs_amostra_3,0.3912077555614576
21,cholesterol_total,kruskal,amostra_2_vs_amostra_3,0.9808311277824401
21,mmse,kruskal,amostra_1_vs_amostra_2,0.5837669492647941
21,mmse,kruskal,amostra_1_vs_amostra_3,0.9766517679991015
21,mmse,kruskal,amostra_2_vs_amostra_3,0.5331750812754521
21,adl,kruskal,amostra_1_vs_amostra_2,0.608934691224899
21,adl,kruskal,amostra_1_vs_amostra_3,0.9568868871594737
21,adl,kruskal,amostra_2_vs_amostra_3,0.5629700903404977
21,age,pearson,amostra_1,"[None, 0.8202631395921163, 0.5302272775260514, 0.8022248447277911, 0.8916683176428576, 0.6951097977770572]"
21,age,pearson,amostra_2,"[None, 0.2040696040872825, 0.7185039564348249, 0.7443513357546031, 0.818053983715975, 0.5726886473442889]"
21,age,pearson,amostra_3,"[None, 0.30653473092235706, 0.6102399774865687, 0.9332496304987324, 0.6460559766699988, 0.9198579256126613]"
21,bmi,pearson,amostra_1,"[0.8202631395921163, None, 0.18158873346510532, 0.7779050144438496, 0.5574748124356377, 0.14939792428947213]"
21,bmi,pearson,amostra_2,"[0.2040696040872825, None, 0.561039987420737, 0.030165890379109977, 0.5993850825260997, 0.2785424233399008]"
21,bmi,pearson,amostra_3,"[0.30653473092235706, None, 0.1793480571900476, 0.49365183779039806, 0.3365762317353502, 0.5355734023594989]"
21,systolic_bp,pearson,amostra_1,"[0.5302272775260514, 0.18158873346510532, None, 0.4345122028683742, 0.6930736623265334, 0.23295543373893757]"
21,systolic_bp,pearson,amostra_2,"[0.7185039564348249, 0.561039987420737, None, 0.6004770570992072, 0.717904527514137, 0.0024843349403084938]"
21,systolic_bp,pearson,amostra_3,"[0.6102399774865687, 0.1793480571900476, None, 0.49654601844233376, 0.4635502538076905, 0.6773985493672542]"
21,cholesterol_total,pearson,amostra_1,"[0.8022248447277911, 0.7779050144438496, 0.4345122028683742, None, 0.5798153377322165, 0.8186101405035553]"
21,cholesterol_total,pearson,amostra_2,"[0.7443513357546031, 0.030165890379109977, 0.6004770570992072, None, 0.13677138228042687, 0.5328086474637946]"
21,cholesterol_total,pearson,amostra_3,"[0.9332496304987324, 0.49365183779039806, 0.49654601844233376, None, 0.3830419844425038, 0.7349220646333814]"
21,mmse,pearson,amostra_1,"[0.8916683176428576, 0.5574748124356377, 0.6930736623265334, 0.5798153377322165, None, 0.8116211972845646]"
21,mmse,pearson,amostra_2,"[0.818053983715975, 0.5993850825260997, 0.717904527514137, 0.13677138228042687, None, 0.2561204625341471]"
21,mmse,pearson,amostra_3,"[0.6460559766699988, 0.3365762317353502, 0.4635502538076905, 0.3830419844425038, None, 0.04160522021109526]"
21,adl,pearson,amostra_1,"[0.6951097977770572, 0.14939792428947213, 0.23295543373893757, 0.8186101405035553, 0.8116211972845646, None]"
21,adl,pearson,amostra_2,"[0.5726886473442889, 0.2785424233399008, 0.0024843349403084938, 0.5328086474637946, 0.2561204625341471, None]"
21,adl,pearson,amostra_3,"[0.9198579256126613, 0.5355734023594989, 0.6773985493672542, 0.7349220646333814, 0.04160522021109526, None]"
21,age,shapiro,validacao,1.7866833229920887e-13
21,bmi,shapiro,validacao,1.0464378929347928e-12
21,systolic_bp,shapiro,validacao,6.250411294225419e-14
21,cholesterol_total,shapiro,validacao,3.2073627607986932e-12
21,mmse,shapiro,validacao,3.1258513572690605e-13
21,adl,shapiro,validacao,2.7084134715922798e-15
21,age,kruskal,validacao_vs_amostra_1,0.9123193905114022
21,age,kruskal,validacao_vs_amostra_2,0.11510807295631852
21,age,kruskal,validacao_vs_amostra_3,0.7769600532134235
21,bmi,kruskal,validacao_vs_amostra_1,0.2688043985136447
21,bmi,kruskal,validacao_vs_amostra_2,0.4406377006474451
21,bmi,kruskal,validacao_vs_amostra_3,0.21698612876202894
21,systolic_bp,kruskal,validacao_vs_amostra_1,0.9934237727355292
21,systolic_bp,kruskal,validacao_vs_amostra_2,0.3456800240652629
21,systolic_bp,kruskal,validacao_vs_amostra_3,0.7522860681458575
21,cholesterol_total,kruskal,validacao_vs_amostra_1,0.5814874930569545
21,cholesterol_total,kruskal,validacao_vs_amostra_2,0.13420359078577176
21,cholesterol_total,kruskal,validacao_vs_amostra_3,0.13895468661691865
21,mmse,kruskal,validacao_vs_amostra_1,0.6725540628768211
21,mmse,kruskal,validacao_vs_amostra_2,0.8076454728150911
21,mmse,kruskal,validacao_vs_amostra_3,0.6739696876250454
21,adl,kruskal,validacao_vs_amostra_1,0.030018154684964455
21,adl,kruskal,validacao_vs_amostra_2,0.11977684310231025
21,adl,kruskal,validacao_vs_amostra_3,0.029974096925798426
21,age,pearson,validacao,"[None, 0.9511943312384117, 0.38314468197250684, 0.6886950017514997, 0.4297704369901575, 0.009299731478514569]"
21,bmi,pearson,validacao,"[0.9511943312384117, None, 0.6938968093440087, 0.8072107668260023, 0.016227408288713375, 0.5767931273252155]"
21,systolic_bp,pearson,validacao,"[0.38314468197250684, 0.6938968093440087, None, 0.6192942726553933, 0.6645791729903815, 0.934837344318967]"
21,cholesterol_total,pearson,validacao,"[0.6886950017514997, 0.8072107668260023, 0.6192942726553933, None, 0.5598494605843286, 0.5038056853392237]"
21,mmse,pearson,validacao,"[0.4297704369901575, 0.016227408288713375, 0.6645791729903815, 0.5598494605843286, None, 0.35442667990215265]"
21,adl,pearson,validacao,"[0.009299731478514569, 0.5767931273252155, 0.934837344318967, 0.5038056853392237, 0.35442667990215265, None]"
22,age,shapiro,amostra_1,8.33858763288342e-12
22,age,shapiro,amostra_2,9.063595984848405e-10
22,age,shapiro,amostra_3,6.454012324574876e-11
22,bmi,shapiro,amostra_1,1.0289671337204709e-09
22,bmi,shapiro,amostra_2,7.441343652381249e-10
22,bmi,shapiro,amostra_3,2.8407439595090622e-11
22,systolic_bp,shapiro,amostra_1,8.51587203531956e-11
22,systolic_bp,shapiro,amostra_2,5.723587229167215e-11
22,systolic_bp,shapiro,amostra_3,8.50818526743069e-10
22,cholesterol_total,shapiro,amostra_1,6.139229125068368e-09
22,cholesterol_total,shapiro,amostra_2,4.274165188444812e-10
22,cholesterol_total,shapiro,amostra_3,4.197494296587223e-10
22,mmse,shapiro,amostra_1,1.4596587827320207e-10
22,mmse,shapiro,amostra_2,1.5899575059319382e-11
22,mmse,shapiro,amostra_3,2.615581883025353e-11
22,adl,shapiro,amostra_1,7.503562007848963e-12
22,adl,shapiro,amostra_2,5.55230895982195e-11
22,adl,shapiro,amostra_3,1.1465938615229376e-10
22,age,kruskal,amostra_1_vs_amostra_2,0.4616908834290069
22,age,kruskal,amostra_1_vs_amostra_3,0.2646530440033653
22,age,kruskal,amostra_2_vs_amostra_3,0.6712526713363391
22,bmi,kruskal,amostra_1_vs_amostra_2,0.8609086099210868
22,bmi,kruskal,amostra_1_vs_amostra_3,0.6404145181551766
22,bmi,kruskal,amostra_2_vs_amostra_3,0.7565231937892334
22,systolic_bp,kruskal,amostra_1_vs_amostra_2,0.42817364641825983
22,systolic_bp,kruskal,amostra_1_vs_amostra_3,0.5128496013578621
22,systolic_bp,kruskal,amostra_2_vs_amostra_3,0.8657193235546554
22,cholesterol_total,kruskal,amostra_1_vs_amostra_2,0.7194052999171265
22,cholesterol_total,kruskal,amostra_1_vs_amostra_3,0.3551462202426886
22,cholesterol_total,kruskal,amostra_2_vs_amostra_3,0.5898369510738036
22,mmse,kruskal,amostra_1_vs_amostra_2,0.32564118168443046
22,mmse,kruskal,amostra_1_vs_amostra_3,0.2741266136033238
22,mmse,kruskal,amostra_2_vs_amostra_3,0.044966174074757656
22,adl,kruskal,amostra_1_vs_amostra_2,0.6665968666862911
22,adl,kruskal,amostra_1_vs_amostra_3,0.6614005869296629
22,adl,kruskal,amostra_2_vs_amostra_3,0.4055552666702834
22,age,pearson,amostra_1,"[None, 0.8999128258113821, 0.40203390844812464, 0.05444639556939139, 0.5644071764234287, 0.7520118876315914]"
22,age,pearson,amostra_2,"[None, 0.5732718752186763, 0.9980391054999114, 0.8040026974052543, 0.15031462437141743, 0.8342825509120244]"
22,age,pearson,amostra_3,"[None, 0.45486264608375115, 0.8662865628929035, 0.990370074184467, 0.9576960626779439, 0.5422005203698012]"
22,bmi,pearson,amostra_1,"[0.8999128258113821, None, 0.9135663380369862, 0.29550865022471917, 0.5420776719173244, 0.20683382509119733]"
22,bmi,pearson,amostra_2,"[0.5732718752186763, None, 0.38937934629315957, 0.23362778810654028, 0.5733521433468786, 0.4684039689729323]"
22,bmi,pearson,amostra_3,"[0.45486264608375115, None, 0.10585071923579954, 0.2653217728062951, 0.29700406968325627, 0.5006174348268199]"
22,systolic_bp,pearson,amostra_1,"[0.40203390844812464, 0.9135663380369862, None, 0.93210895141988, 0.6222385112750541, 0.09397960818583087]"
22,systolic_bp,pearson,amostra_2,"[0.9980391054999114, 0.38937934629315957, None, 0.37438716354807716, 0.6261967847313042, 0.4325599427478472]"
22,systolic_bp,pearson,amostra_3,"[0.8662865628929035, 0.10585071923579954, None, 0.8715745981353047, 0.2926181762344517, 0.7344741775898717]"
22,cholesterol_total,pearson,amostra_1,"[0.05444639556939139, 0.29550865022471917, 0.93210895141988, None, 0.6266647984043996, 0.32061161430797025]"
22,cholesterol_total,pearson,amostra_2,"[0.8040026974052543, 0.23362778810654028, 0.37438716354807716, None, 0.5877984857334948, 0.19588463408851234]"
22,cholesterol_total,pearson,amostra_3,"[0.990370074184467, 0.2653217728062951, 0.8715745981353047, None, 0.7469332758756291, 0.843205631519819]"
22,mmse,pearson,amostra_1,"[0.5644071764234287, 0.5420776719173244, 0.6222385112750541, 0.6266647984043996, None, 0.28869080414255366]"
22,mmse,pearson,amostra_2,"[0.15031462437141743, 0.5733521433468786, 0.6261967847313042, 0.5877984857334948, None, 0.902201106101786]"
22,mmse,pearson,amostra_3,"[0.9576960626779439, 0.29700406968325627, 0.2926181762344517, 0.7469332758756291, None, 0.30825798568642865]"
22,adl,pearson,amostra_1,"[0.7520118876315914, 0.20683382509119733, 0.09397960818583087, 0.32061161430797025, 0.28869080414255366, None]"
22,adl,pearson,amostra_2,"[0.8342825509120244, 0.4684039689729323, 0.4325599427478472, 0.19588463408851234, 0.902201106101786, None]"
22,adl,pearson,amostra_3,"[0.5422005203698012, 0.5006174348268199, 0.7344741775898717, 0.843205631519819, 0.30825798568642865, None]"
22,age,shapiro,validacao,2.1889301894499613e-13
22,bmi,shapiro,validacao,1.314421444950642e-12
22,systolic_bp,shapiro,validacao,1.0499207839936853e-13
22,cholesterol_total,shapiro,validacao,7.011611885716917e-13
22,mmse,shapiro,validacao,5.927894351602514e-14
22,adl,shapiro,validacao,1.5252544515823052e-15
22,age,kruskal,validacao_vs_amostra_1,0.7194851894491283
22,age,kruskal,validacao_vs_amostra_2,0.6658789233915948
22,age,kruskal,validacao_vs_amostra_3,0.39428687085424086
22,bmi,kruskal,validacao_vs_amostra_1,0.97981060051229
22,bmi,kruskal,validacao_vs_amostra_2,0.8829101658523149
22,bmi,kruskal,validacao_vs_amostra_3,0.6499251437708806
22,systolic_bp,kruskal,validacao_vs_amostra_1,0.31128376786313355
22,systolic_bp,kruskal,validacao_vs_amostra_2,0.8820592252625614
22,systolic_bp,kruskal,validacao_vs_amostra_3,0.7406099140415512
22,cholesterol_total,kruskal,validacao_vs_amostra_1,0.42618058473370535
22,cholesterol_total,kruskal,validacao_vs_amostra_2,0.69219019104658
22,cholesterol_total,kruskal,validacao_vs_amostra_3,0.854979932325939
22,mmse,kruskal,validacao_vs_amostra_1,0.5016915794648471
22,mmse,kruskal,validacao_vs_amostra_2,0.08643140062194139
22,mmse,kruskal,validacao_vs_amostra_3,0.6320228137093264
22,adl,kruskal,validacao_vs_amostra_1,0.941180683995041
22,adl,kruskal,validacao_vs_amostra_2,0.7706257977967232
22,adl,kruskal,validacao_vs_amostra_3,0.5793626344073088
22,age,pearson,validacao,"[None, 0.6473853127658562, 0.8380087935921358, 0.9312399234159038, 0.3287186936502195, 0.07073301502494796]"
22,bmi,pearson,validacao,"[0.6473853127658562, None, 0.1530411557289684, 0.34428719752436987, 0.7817066316005714, 0.7838765744564041]"
22,systolic_bp,pearson,validacao,"[0.8380087935921358, 0.1530411557289684, None, 0.7035439305690838, 0.2357239826317426, 0.49213777925428837]"
22,cholesterol_total,pearson,validacao,"[0.9312399234159038, 0.34428719752436987, 0.7035439305690838, None, 0.45024011988483104, 0.5629416913082261]"
22,mmse,pearson,validacao,"[0.3287186936502195, 0.7817066316005714, 0.2357239826317426, 0.45024011988483104, None, 0.0659278132966646]"
22,adl,pearson,validacao,"[0.07073301502494796, 0.7838765744564041, 0.49213777925428837, 0.5629416913082261, 0.0659278132966646, None]"
23,age,shapiro,amostra_1,3.87701121207229e-10
23,age,shapiro,amostra_2,1.7917843597725636e-10
23,age,shapiro,amostra_3,1.2680502481376976e-11
23,bmi,shapiro,amostra_1,3.0532162909047145e-10
23,bmi,shapiro,amostra_2,2.995820924667214e-09
23,bmi,shapiro,amostra_3,2.966704104601092e-10
23,systolic_bp,shapiro,amostra_1,1.654985259946784e-09
23,systolic_bp,shapiro,amostra_2,1.2843843766319196e-09
23,systolic_bp,shapiro,amostra_3,1.2600714915933509e-10
23,cholesterol_total,shapiro,amostra_1,8.238416615569122e-10
23,cholesterol_total,shapiro,amostra_2,2.2500637464339945e-10
23,cholesterol_total,shapiro,amostra_3,4.640900511110324e-11
23,mmse,shapiro,amostra_1,1.4869194417399534e-11
23,mmse,shapiro,amostra_2,2.9560420083951655e-11
23,mmse,shapiro,amostra_3,6.919108948982844e-12
23,adl,shapiro,amostra_1,3.550903668325667e-11
23,adl,shapiro,amostra_2,2.6603753922049833e-11
23,adl,shapiro,amostra_3,3.6833435607119824e-12
23,age,kruskal,amostra_1_vs_amostra_2,0.9459648436725134
23,age,kruskal,amostra_1_vs_amostra_3,0.39953547386709953
23,age,kruskal,amostra_2_vs_amostra_3,0.417816119208991
23,bmi,kruskal,amostra_1_vs_amostra_2,0.46390128388121354
23,bmi,kruskal,amostra_1_vs_amostra_3,0.048668277014561265
23,bmi,kruskal,amostra_2_vs_amostra_3,0.17751444511016276
23,systolic_bp,kruskal,amostra_1_vs_amostra_2,0.8509661965084965
23,systolic_bp,kruskal,amostra_1_vs_amostra_3,0.324155073386171
23,systolic_bp,kruskal,amostra_2_vs_amostra_3,0.2387219353554652
23,cholesterol_total,kruskal,amostra_1_vs_amostra_2,0.5268957511811008
23,cholesterol_total,kruskal,amostra_1_vs_amostra_3,0.5754576378364136
23,cholesterol_total,kruskal,amostra_2_vs_amostra_3,0.944063323731019
23,mmse,kruskal,amostra_1_vs_amostra_2,0.22096443537762828
23,mmse,kruskal,amostra_1_vs_amostra_3,0.795690396562899
23,mmse,kruskal,amostra_2_vs_amostra_3,0.3228809674697944
23,adl,kruskal,amostra_1_vs_amostra_2,0.9397918607045679
23,adl,kruskal,amostra_1_vs_amostra_3,0.3522939799081045
23,adl,kruskal,amostra_2_vs_amostra_3,0.37779447602269733
23,age,pearson,amostra_1,"[None, 0.7241929595467418, 0.8388625314535119, 0.6860154700128765, 0.4513542381083597, 0.796045698679617]"
23,age,pearson,amostra_2,"[None, 0.2796790091372923, 0.041022254696536274, 0.6484389103782036, 0.09660439770056531, 0.2238648563298158]"
23,age,pearson,amostra_3,"[None, 0.19604313750675756, 0.9519725505503344, 0.43927199265987416, 0.6054108291766848, 0.2757526244143014]"
23,bmi,pearson,amostra_1,"[0.7241929595467418, None, 0.34648513595107344, 0.8644399174133606, 0.743820724192974, 0.6040061603176812]"
23,bmi,pearson,amostra_2,"[0.2796790091372923, None, 0.2534924017611828, 0.9412689910158607, 0.33606737195156533, 0.3415903105686188]"
23,bmi,pearson,amostra_3,"[0.19604313750675756, None, 0.265189841536748, 0.11665960763703545, 0.4292442800663366, 0.6769403103844761]"
23,systolic_bp,pearson,amostra_1,"[0.8388625314535119, 0.34648513595107344, None, 0.5509644563167172, 0.240566645650029, 0.15179547785293399]"
23,systolic_bp,pearson,amostra_2,"[0.041022254696536274, 0.2534924017611828, None, 0.7134849106650696, 0.44884548077506026, 0.4904755143034846]"
23,systolic_bp,pearson,amostra_3,"[0.9519725505503344, 0.265189841536748, None, 0.6153470602074605, 0.8892090625511662, 0.39237955592378365]"
23,cholesterol_total,pearson,amostra_1,"[0.6860154700128765, 0.8644399174133606, 0.5509644563167172, None, 0.7314000959280208, 0.7398155812718298]"
23,cholesterol_total,pearson,amostra_2,"[0.6484389103782036, 0.9412689910158607, 0.7134849106650696, None, 0.874974902784729, 0.231259245748117]"
23,cholesterol_total,pearson,amostra_3,"[0.43927199265987416, 0.11665960763703545, 0.6153470602074605, None, 0.8747992578345702, 0.6666282864225108]"
23,mmse,pearson,amostra_1,"[0.4513542381083597, 0.743820724192974, 0.240566645650029, 0.7314000959280208, None, 0.8294816974449978]"
23,mmse,pearson,amostra_2,"[0.09660439770056531, 0.33606737195156533, 0.44884548077506026, 0.874974902784729, None, 0.7142735405967066]"
23,mmse,pearson,amostra_3,"[0.6054108291766848, 0.4292442800663366, 0.8892090625511662, 0.8747992578345702, None, 0.21300428388993678]"
23,adl,pearson,amostra_1,"[0.796045698679617, 0.6040061603176812, 0.15179547785293399, 0.7398155812718298, 0.8294816974449978, None]"
23,adl,pearson,amostra_2,"[0.2238648563298158, 0.3415903105686188, 0.4904755143034846, 0.231259245748117, 0.7142735405967066, None]"
23,adl,pearson,amostra_3,"[0.2757526244143014, 0.6769403103844761, 0.39237955592378365, 0.6666282864225108, 0.21300428388993678, None]"
23,age,shapiro,validacao,5.257866218149124e-14
23,bmi,shapiro,validacao,5.385072270915059e-14
23,systolic_bp,shapiro,validacao,9.196881808632568e-14
23,cholesterol_total,shapiro,validacao,1.5825849311590368e-11
23,mmse,shapiro,validacao,1.5896725125488786e-12
23,adl,shapiro,validacao,2.1975083970386666e-13
23,age,kruskal,validacao_vs_amostra_1,0.9765489607595099
23,age,kruskal,validacao_vs_amostra_2,0.9311933930645946
23,age,kruskal,validacao_vs_amostra_3,0.3743412503258521
23,bmi,kruskal,validacao_vs_amostra_1,0.04927131545662924
23,bmi,kruskal,validacao_vs_amostra_2,0.2047515835447841
23,bmi,kruskal,validacao_vs_amostra_3,0.8700694809752385
23,systolic_bp,kruskal,validacao_vs_amostra_1,0.23390362959413646
23,systolic_bp,kruskal,validacao_vs_amostra_2,0.3279742125112357
23,systolic_bp,kruskal,validacao_vs_amostra_3,0.02724198564250245
23,cholesterol_total,kruskal,validacao_vs_amostra_1,0.682487544954987
23,cholesterol_total,kruskal,validacao_vs_amostra_2,0.8059936349345289
23,cholesterol_total,kruskal,validacao_vs_amostra_3,0.8313117983610596
23,mmse,kruskal,validacao_vs_amostra_1,0.20288832131044854
23,mmse,kruskal,validacao_vs_amostra_2,0.9496705798958095
23,mmse,kruskal,validacao_vs_amostra_3,0.31771480243838945
23,adl,kruskal,validacao_vs_amostra_1,0.23958745351069366
23,adl,kruskal,validacao_vs_amostra_2,0.2931965550415707
23,adl,kruskal,validacao_vs_amostra_3,0.9194484675645687
23,age,pearson,validacao,"[None, 0.9456384293545174, 0.5605848992093148, 0.7786988434035482, 0.05133955668681651, 0.4024101881600228]"
23,bmi,pearson,validacao,"[0.9456384293545174, None, 0.8499018210131913, 0.2688105939391468, 0.6771223104510746, 0.7603129825728101]"
23,systolic_bp,pearson,validacao,"[0.5605848992093148, 0.8499018210131913, None, 0.7304287114562842, 0.785780445463388, 0.6396288440945574]"
23,cholesterol_total,pearson,validacao,"[0.7786988434035482, 0.2688105939391468, 0.7304287114562842, None, 0.4726435273873424, 0.47225972835225655]"
23,mmse,pearson,validacao,"[0.05133955668681651, 0.6771223104510746, 0.785780445463388, 0.4726435273873424, None, 0.6688632569824696]"
23,adl,pearson,validacao,"[0.4024101881600228, 0.7603129825728101, 0.6396288440945574, 0.47225972835225655, 0.6688632569824696, None]"
24,age,shapiro,amostra_1,4.5329460671150734e-12
24,age,shapiro,amostra_2,2.1144881678925032e-10
24,age,shapiro,amostra_3,6.030310972793274e-11
24,bmi,shapiro,amostra_1,5.026253718787288e-11
24,bmi,shapiro,amostra_2,8.744455159970244e-11
24,bmi,shapiro,amostra_3,1.7245821437583686e-10
24,systolic_bp,shapiro,amostra_1,1.2003388734360687e-11
24,systolic_bp,shapiro,amostra_2,1.8372976751113157e-10
24,systolic_bp,shapiro,amostra_3,1.2814280192507965e-10
24,cholesterol_total,shapiro,amostra_1,1.8393642164937773e-09
24,cholesterol_total,shapiro,amostra_2,1.0179713738622809e-09
24,cholesterol_total,shapiro,amostra_3,5.569054592480249e-11
24,mmse,shapiro,amostra_1,4.1735451900004605e-11
24,mmse,shapiro,amostra_2,1.1488668523462753e-11
24,mmse,shapiro,amostra_3,2.548336264229789e-10
24,adl,shapiro,amostra_1,2.1348759565720243e-11
24,adl,shapiro,amostra_2,1.4236247597443352e-11
24,adl,shapiro,amostra_3,1.340268174221393e-10
24,age,kruskal,amostra_1_vs_amostra_2,0.6436080165831977
24,age,kruskal,amostra_1_vs_amostra_3,0.2616477623307576
24,age,kruskal,amostra_2_vs_amostra_3,0.48849547368117874
24,bmi,kruskal,amostra_1_vs_amostra_2,0.9473188647977996
24,bmi,kruskal,amostra_1_vs_amostra_3,0.8546870306871304
24,bmi,kruskal,amostra_2_vs_amostra_3,0.9401985952709362
24,systolic_bp,kruskal,amostra_1_vs_amostra_2,0.45071082428306286
24,systolic_bp,kruskal,amostra_1_vs_amostra_3,0.12701860120366054
24,systolic_bp,kruskal,amostra_2_vs_amostra_3,0.4367184161114669
24,cholesterol_total,kruskal,amostra_1_vs_amostra_2,0.20254935460877316
24,cholesterol_total,kruskal,amostra_1_vs_amostra_3,0.6645535164131413
24,cholesterol_total,kruskal,amostra_2_vs_amostra_3,0.11114624543366816
24,mmse,kruskal,amostra_1_vs_amostra_2,0.1868098720036433
24,mmse,kruskal,amostra_1_vs_amostra_3,0.8171630680007319
24,mmse,kruskal,amostra_2_vs_amostra_3,0.2731185158025936
24,adl,kruskal,amostra_1_vs_amostra_2,0.6227808116590758
24,adl,kruskal,amostra_1_vs_amostra_3,0.15560266537757383
24,adl,kruskal,amostra_2_vs_amostra_3,0.37903982950605175
24,age,pearson,amostra_1,"[None, 0.9452955778965505, 0.6587504516116257, 0.7847594361300912, 0.47863337942286205, 0.11262262595266101]"
24,age,pearson,amostra_2,"[None, 0.4036975673566514, 0.48255082380881786, 0.6466636009575113, 0.4312208057884899, 0.2815257400843237]"
24,age,pearson,amostra_3,"[None, 0.5808736933358174, 0.4421003750107816, 0.8615954881209211, 0.3206094004842291, 0.08438736660245012]"
24,bmi,pearson,amostra_1,"[0.9452955778965505, None, 0.9202550831763848, 0.47457837061899866, 0.3813123665663054, 0.6879260807456632]"
24,bmi,pearson,amostra_2,"[0.4036975673566514, None, 0.42721565589405414, 0.16311424205127803, 0.09895997602897796, 0.008849133968559205]"
24,bmi,pearson,amostra_3,"[0.5808736933358174, None, 0.3118459529339761, 0.4723324623882028, 0.43148827389902916, 0.5714343227152435]"
24,systolic_bp,pearson,amostra_1,"[0.6587504516116257, 0.9202550831763848, None, 0.4066095848655931, 0.24586620919042831, 0.2986408829427874]"
24,systolic_bp,pearson,amostra_2,"[0.48255082380881786, 0.42721565589405414, None, 0.2786717151588575, 0.6907654676164051, 0.47838400943480813]"
24,systolic_bp,pearson,amostra_3,"[0.4421003750107816, 0.3118459529339761, None, 0.5159401153687293, 0.1473189516785778, 0.10839801544774384]"
24,cholesterol_total,pearson,amostra_1,"[0.7847594361300912, 0.47457837061899866, 0.4066095848655931, None, 0.22999909201737692, 0.1516519260985513]"
24,cholesterol_total,pearson,amostra_2,"[0.6466636009575113, 0.16311424205127803, 0.2786717151588575, None, 0.8767149728321356, 0.571374916962553]"
24,cholesterol_total,pearson,amostra_3,"[0.8615954881209211, 0.4723324623882028, 0.5159401153687293, None, 0.8733742995713756, 0.6814365611191451]"
24,mmse,pearson,amostra_1,"[0.47863337942286205, 0.3813123665663054, 0.24586620919042831, 0.22999909201737692, None, 0.6323363556023266]"
24,mmse,pearson,amostra_2,"[0.4312208057884899, 0.09895997602897796, 0.6907654676164051, 0.8767149728321356, None, 0.49851581247287513]"
24,mmse,pearson,amostra_3,"[0.3206094004842291, 0.43148827389902916, 0.1473189516785778, 0.8733742995713756, None, 0.7865655824302008]"
24,adl,pearson,amostra_1,"[0.11262262595266101, 0.6879260807456632, 0.2986408829427874, 0.1516519260985513, 0.6323363556023266, None]"
24,adl,pearson,amostra_2,"[0.2815257400843237, 0.008849133968559205, 0.47838400943480813, 0.571374916962553, 0.49851581247287513, None]"
24,adl,pearson,amostra_3,"[0.08438736660245012, 0.5714343227152435, 0.10839801544774384, 0.6814365611191451, 0.7865655824302008, None]"
24,age,shapiro,validacao,1.1872710388612095e-13
24,bmi,shapiro,validacao,8.349078806785259e-13
24,systolic_bp,shapiro,validacao,1.1447258072005972e-12
24,cholesterol_total,shapiro,validacao,1.5610989334991637e-13
24,mmse,shapiro,validacao,1.8786300369066228e-13
24,adl,shapiro,validacao,6.575867017658823e-15
24,age,kruskal,validacao_vs_amostra_1,0.9955878708178281
24,age,kruskal,validacao_vs_amostra_2,0.6116830019943024
24,age,kruskal,validacao_vs_amostra_3,0.20833293490320376
24,bmi,kruskal,validacao_vs_amostra_1,0.5496161297572415
24,bmi,kruskal,validacao_vs_amostra_2,0.6033392286806223
24,bmi,kruskal,validacao_vs_amostra_3,0.6660571939815509
24,systolic_bp,kruskal,validacao_vs_amostra_1,0.24161059909856075
24,systolic_bp,kruskal,validacao_vs_amostra_2,0.7260103338750018
24,systolic_bp,kruskal,validacao_vs_amostra_3,0.6240832967147589
24,cholesterol_total,kruskal,validacao_vs_amostra_1,0.2814265903156087
24,cholesterol_total,kruskal,validacao_vs_amostra_2,0.017419511996013215
24,cholesterol_total,kruskal,validacao_vs_amostra_3,0.574727255363777
24,mmse,kruskal,validacao_vs_amostra_1,0.3526050598039997
24,mmse,kruskal,validacao_vs_amostra_2,0.01777065508018792
24,mmse,kruskal,validacao_vs_amostra_3,0.23943251075352287
24,adl,kruskal,validacao_vs_amostra_1,0.9066827734569145
24,adl,kruskal,validacao_vs_amostra_2,0.6629587942412711
24,adl,kruskal,validacao_vs_amostra_3,0.1675205411642726
24,age,pearson,validacao,"[None, 0.20560531759369466, 0.394566302497031, 0.5581030190724555, 0.5067434674263884, 0.8790500427963406]"
24,bmi,pearson,validacao,"[0.20560531759369466, None, 0.16290406818555994, 0.8496848546187522, 0.44775392537428954, 0.3804092563134481]"
24,systolic_bp,pearson,validacao,"[0.394566302497031, 0.16290406818555994, None, 0.6100170153807685, 0.6124025082537227, 0.627919695304421]"
24,cholesterol_total,pearson,validacao,"[0.5581030190724555, 0.8496848546187522, 0.6100170153807685, None, 0.9385930442894793, 0.7245112229407562]"
24,mmse,pearson,validacao,"[0.5067434674263884, 0.44775392537428954, 0.6124025082537227, 0.9385930442894793, None, 0.9030796302866188]"
24,adl,pearson,validacao,"[0.8790500427963406, 0.3804092563134481, 0.627919695304421, 0.7245112229407562, 0.9030796302866188, None]"
25,age,shapiro,amostra_1,8.82436415605703e-11
25,age,shapiro,amostra_2,3.2602684441052077e-11
25,age,shapiro,amostra_3,9.844968590355663e-11
25,bmi,shapiro,amostra_1,4.2187939253146567e-10
25,bmi,shapiro,amostra_2,8.27836063588272e-12
25,bmi,shapiro,amostra_3,1.723826359434355e-10
25,systolic_bp,shapiro,amostra_1,1.4795069683271045e-11
25,systolic_bp,shapiro,amostra_2,4.318502846989425e-11
25,systolic_bp,shapiro,amostra_3,1.4212603316465788e-10
25,cholesterol_total,shapiro,amostra_1,4.617132898232512e-09
25,cholesterol_total,shapiro,amostra_2,5.107631539935653e-10
25,cholesterol_total,shapiro,amostra_3,4.317792304253665e-11
25,mmse,shapiro,amostra_1,1.7150596220982806e-10
25,mmse,shapiro,amostra_2,6.779542899293389e-11
25,mmse,shapiro,amostra_3,2.7508533645415056e-11
25,adl,shapiro,amostra_1,1.1105315278481243e-10
25,adl,shapiro,amostra_2,1.8373740029442587e-11
25,adl,shapiro,amostra_3,1.1466615851274398e-11
25,age,kruskal,amostra_1_vs_amostra_2,0.9909192143473821
25,age,kruskal,amostra_1_vs_amostra_3,0.8191430899272668
25,age,kruskal,amostra_2_vs_amostra_3,0.80367149187343
25,bmi,kruskal,amostra_1_vs_amostra_2,0.4908326726879467
25,bmi,kruskal,amostra_1_vs_amostra_3,0.9902109429404392
25,bmi,kruskal,amostra_2_vs_amostra_3,0.45993375230735123
25,systolic_bp,kruskal,amostra_1_vs_amostra_2,0.6811279350724087
25,systolic_bp,kruskal,amostra_1_vs_amostra_3,0.33014919805401444
25,systolic_bp,kruskal,amostra_2_vs_amostra_3,0.5721158948725926
25,cholesterol_total,kruskal,amostra_1_vs_amostra_2,0.9933719024333962
25,cholesterol_total,kruskal,amostra_1_vs_amostra_3,0.44273450225872546
25,cholesterol_total,kruskal,amostra_2_vs_amostra_3,0.47228690110681815
25,mmse,kruskal,amostra_1_vs_amostra_2,0.4791661952013545
25,mmse,kruskal,amostra_1_vs_amostra_3,0.7569119706219412
25,mmse,kruskal,amostra_2_vs_amostra_3,0.67376785429004
25,adl,kruskal,amostra_1_vs_amostra_2,0.8127974876215677
25,adl,kruskal,amostra_1_vs_amostra_3,0.8908250997724153
25,adl,kruskal,amostra_2_vs_amostra_3,0.6917772419831759
25,age,pearson,amostra_1,"[None, 0.35567556479261336, 0.9030465775675334, 0.636774151202784, 0.6439171284475506, 0.40632619814122123]"
25,age,pearson,amostra_2,"[None, 0.19280253919604529, 0.8483219846119165, 0.02413272834109163, 0.7783106067725334, 0.13859898706278104]"
25,age,pearson,amostra_3,"[None, 0.052281298566968934, 0.7194484682301173, 0.31610952361412553, 0.1457454030801243, 0.20436258879317643]"
25,bmi,pearson,amostra_1,"[0.35567556479261336, None, 0.4853703788819343, 0.21123186480644568, 0.6109476760300536, 0.9941301931500702]"
25,bmi,pearson,amostra_2,"[0.19280253919604529, None, 0.40168937294631585, 0.39300433654163214, 0.09828606208410758, 0.22455426032391593]"
25,bmi,pearson,amostra_3,"[0.052281298566968934, None, 0.7395933243989957, 0.16668191598577073, 0.8617255203892651, 0.9870876482667807]"
25,systolic_bp,pearson,amostra_1,"[0.9030465775675334, 0.4853703788819343, None, 0.8198702505898218, 0.9635698367064086, 0.8528446522923835]"
25,systolic_bp,pearson,amostra_2,"[0.8483219846119165, 0.40168937294631585, None, 0.8704919219828274, 0.4294994503774106, 0.530739570516321]"
25,systolic_bp,pearson,amostra_3,"[0.7194484682301173, 0.7395933243989957, None, 0.8163834362728165, 0.92013007581438, 0.5142136285117753]"
25,cholesterol_total,pearson,amostra_1,"[0.636774151202784, 0.21123186480644568, 0.8198702505898218, None, 0.9419201229382701, 0.9360906046981147]"
25,cholesterol_total,pearson,amostra_2,"[0.02413272834109163, 0.39300433654163214, 0.8704919219828274, None, 0.9494406769115608, 0.027543880336411555]"
25,cholesterol_total,pearson,amostra_3,"[0.31610952361412553, 0.16668191598577073, 0.8163834362728165, None, 0.1954310034573857, 0.6400923362114033]"
25,mmse,pearson,amostra_1,"[0.6439171284475506, 0.6109476760300536, 0.9635698367064086, 0.9419201229382701, None, 0.9817643112945218]"
25,mmse,pearson,amostra_2,"[0.7783106067725334, 0.09828606208410758, 0.4294994503774106, 0.9494406769115608, None, 0.20457770829429953]"
25,mmse,pearson,amostra_3,"[0.1457454030801243, 0.8617255203892651, 0.92013007581438, 0.1954310034573857, None, 0.5765405142944442]"
25,adl,pearson,amostra_1,"[0.40632619814122123, 0.9941301931500702, 0.8528446522923835, 0.9360906046981147, 0.9817643112945218, None]"
25,adl,pearson,amostra_2,"[0.13859898706278104, 0.22455426032391593, 0.530739570516321, 0.027543880336411555, 0.20457770829429953, None]"
25,adl,pearson,amostra_3,"[0.20436258879317643, 0.9870876482667807, 0.5142136285117753, 0.6400923362114033, 0.5765405142944442, None]"
25,age,shapiro,validacao,3.479222931892373e-13
25,bmi,shapiro,validacao,7.49836661945863e-13
25,systolic_bp,shapiro,validacao,3.4879710881716153e-13
25,cholesterol_total,shapiro,validacao,1.6610167017858113e-12
25,mmse,shapiro,validacao,2.3501586419137632e-14
25,adl,shapiro,validacao,5.087526876016747e-14
25,age,kruskal,validacao_vs_amostra_1,0.7777785234469461
25,age,kruskal,validacao_vs_amostra_2,0.7910496338463548
25,age,kruskal,validacao_vs_amostra_3,0.975388426144777
25,bmi,kruskal,validacao_vs_amostra_1,0.5690564966292184
25,bmi,kruskal,validacao_vs_amostra_2,0.21511456090081166
25,bmi,kruskal,validacao_vs_amostra_3,0.6166522850806053
25,systolic_bp,kruskal,validacao_vs_amostra_1,0.5738390628433045
25,systolic_bp,kruskal,validacao_vs_amostra_2,0.8642608170107263
25,systolic_bp,kruskal,validacao_vs_amostra_3,0.6632870558907958
25,cholesterol_total,kruskal,validacao_vs_amostra_1,0.39659693260662066
25,cholesterol_total,kruskal,validacao_vs_amostra_2,0.4419029860257826
25,cholesterol_total,kruskal,validacao_vs_amostra_3,0.9405634859651785
25,mmse,kruskal,validacao_vs_amostra_1,0.048184418537640425
25,mmse,kruskal,validacao_vs_amostra_2,0.258777954157757
25,mmse,kruskal,validacao_vs_amostra_3,0.10621591280574853
25,adl,kruskal,validacao_vs_amostra_1,0.4195595373249079
25,adl,kruskal,validacao_vs_amostra_2,0.297671778135236
25,adl,kruskal,validacao_vs_amostra_3,0.5216502991977986
25,age,pearson,validacao,"[None, 0.9072963191508805, 0.9852955860978896, 0.41062632503079555, 0.6220710508941696, 0.9968682537553538]"
25,bmi,pearson,validacao,"[0.9072963191508805, None, 0.9960603966778871, 0.37461907478713985, 0.9536988809479124, 0.9304730677236097]"
25,systolic_bp,pearson,validacao,"[0.9852955860978896, 0.9960603966778871, None, 0.7789241911938373, 0.49887878747287656, 0.431968901083665]"
25,cholesterol_total,pearson,validacao,"[0.41062632503079555, 0.37461907478713985, 0.7789241911938373, None, 0.026298757158255616, 0.48228605319514584]"
25,mmse,pearson,validacao,"[0.6220710508941696, 0.9536988809479124, 0.49887878747287656, 0.026298757158255616, None, 0.4227603242256633]"
25,adl,pearson,validacao,"[0.9968682537553538, 0.9304730677236097, 0.431968901083665, 0.48228605319514584, 0.4227603242256633, None]"
26,age,shapiro,amostra_1,1.8393772616143167e-11
26,age,shapiro,amostra_2,1.0642015046968822e-10
26,age,shapiro,amostra_3,2.067948173811729e-10
26,bmi,shapiro,amostra_1,1.3095288742270839e-11
26,bmi,shapiro,amostra_2,1.8080182906388131e-09
26,bmi,shapiro,amostra_3,9.59880508411004e-10
26,systolic_bp,shapiro,amostra_1,6.993987611281227e-10
26,systolic_bp,shapiro,amostra_2,9.579611409682443e-11
26,systolic_bp,shapiro,amostra_3,2.1520268206343118e-11
26,cholesterol_total,shapiro,amostra_1,4.011670107217924e-09
26,cholesterol_total,shapiro,amostra_2,5.916585554821552e-10
26,cholesterol_total,shapiro,amostra_3,2.5927812674630957e-10
26,mmse,shapiro,amostra_1,2.0643041095946835e-11
26,mmse,shapiro,amostra_2,2.691801295751084e-11
26,mmse,shapiro,amostra_3,2.7054236628742956e-10
26,adl,shapiro,amostra_1,4.4602799231796553e-10
26,adl,shapiro,amostra_2,1.4660291036694417e-10
26,adl,shapiro,amostra_3,7.019320454743072e-12
26,age,kruskal,amostra_1_vs_amostra_2,0.8202376028374241
26,age,kruskal,amostra_1_vs_amostra_3,0.6053335032023037
26,age,kruskal,amostra_2_vs_amostra_3,0.4411107293614056
26,bmi,kruskal,amostra_1_vs_amostra_2,0.5473767391225306
26,bmi,kruskal,amostra_1_vs_amostra_3,0.17227376230157174
26,bmi,kruskal,amostra_2_vs_amostra_3,0.45290185287350326
26,systolic_bp,kruskal,amostra_1_vs_amostra_2,0.37886064572778155
26,systolic_bp,kruskal,amostra_1_vs_amostra_3,0.9583090843286226
26,systolic_bp,kruskal,amostra_2_vs_amostra_3,0.3663210430761018
26,cholesterol_total,kruskal,amostra_1_vs_amostra_2,0.9967369084742055
26,cholesterol_total,kruskal,amostra_1_vs_amostra_3,0.9730845262795912
26,cholesterol_total,kruskal,amostra_2_vs_amostra_3,0.9477258672768611
26,mmse,kruskal,amostra_1_vs_amostra_2,0.4771838452489251
26,mmse,kruskal,amostra_1_vs_amostra_3,0.5590087472003047
26,mmse,kruskal,amostra_2_vs_amostra_3,0.19743581130209586
26,adl,kruskal,amostra_1_vs_amostra_2,0.31512315187594875
26,adl,kruskal,amostra_1_vs_amostra_3,0.49139587076745006
26,adl,kruskal,amostra_2_vs_amostra_3,0.8129958039747387
26,age,pearson,amostra_1,"[None, 0.17535646098605234, 0.12531390850737542, 0.36753792707281646, 0.9950883290119853, 0.05659675483356496]"
26,age,pearson,amostra_2,"[None, 0.8520103953075588, 0.8978968025315788, 0.46104464153545627, 0.48245625590988567, 0.04028701731690392]"
26,age,pearson,amostra_3,"[None, 0.7590528007735234, 0.6447454733024355, 0.9954389793780503, 0.07326277244861833, 0.4961966819326467]"
26,bmi,pearson,amostra_1,"[0.17535646098605234, None, 0.693115247202263, 0.07364849361093248, 0.0673532153328123, 0.7024670981699622]"
26,bmi,pearson,amostra_2,"[0.8520103953075588, None, 0.7060753357631021, 0.6521664955254054, 0.7976192050758129, 0.48769370804538026]"
26,bmi,pearson,amostra_3,"[0.7590528007735234, None, 0.8954862187118725, 0.4246056943270901, 0.5545611061340805, 0.7475311375652449]"
26,systolic_bp,pearson,amostra_1,"[0.12531390850737542, 0.693115247202263, None, 0.12480943841792248, 0.8962590750787975, 0.8715328223243342]"
26,systolic_bp,pearson,amostra_2,"[0.8978968025315788, 0.7060753357631021, None, 0.04935086722015401, 0.40638877518494243, 0.47488281940163074]"
26,systolic_bp,pearson,amostra_3,"[0.6447454733024355, 0.8954862187118725, None, 0.2167159398157362, 0.6633349730313345, 0.16672492458930208]"
26,cholesterol_total,pearson,amostra_1,"[0.36753792707281646, 0.07364849361093248, 0.12480943841792248, None, 0.3932278058611397, 0.9633600190807421]"
26,cholesterol_total,pearson,amostra_2,"[0.46104464153545627, 0.6521664955254054, 0.04935086722015401, None, 0.7596592705129958, 0.7250217740575183]"
26,cholesterol_total,pearson,amostra_3,"[0.9954389793780503, 0.4246056943270901, 0.2167159398157362, None, 0.31190500238754565, 0.24369135856081384]"
26,mmse,pearson,amostra_1,"[0.9950883290119853, 0.0673532153328123, 0.8962590750787975, 0.3932278058611397, None, 0.8515866729799091]"
26,mmse,pearson,amostra_2,"[0.48245625590988567, 0.7976192050758129, 0.40638877518494243, 0.7596592705129958, None, 0.4593712800710995]"
26,mmse,pearson,amostra_3,"[0.07326277244861833, 0.5545611061340805, 0.6633349730313345, 0.31190500238754565, None, 0.8303781864094844]"
26,adl,pearson,amostra_1,"[0.05659675483356496, 0.7024670981699622, 0.8715328223243342, 0.9633600190807421, 0.8515866729799091, None]"
26,adl,pearson,amostra_2,"[0.04028701731690392, 0.48769370804538026, 0.47488281940163074, 0.7250217740575183, 0.4593712800710995, None]"
26,adl,pearson,amostra_3,"[0.4961966819326467, 0.7475311375652449, 0.16672492458930208, 0.24369135856081384, 0.8303781864094844, None]"
26,age,shapiro,validacao,2.397638734958924e-14
26,bmi,shapiro,validacao,2.8101110848000044e-13
26,systolic_bp,shapiro,validacao,2.201752235392318e-12
26,cholesterol_total,shapiro,validacao,4.1567340932149865e-13
26,mmse,shapiro,validacao,8.108543675909574e-13
26,adl,shapiro,validacao,9.040729082520575e-15
26,age,kruskal,validacao_vs_amostra_1,0.8058119282680973
26,age,kruskal,validacao_vs_amostra_2,0.9934980275584188
26,age,kruskal,validacao_vs_amostra_3,0.4363731233267324
26,bmi,kruskal,validacao_vs_amostra_1,0.11270389355869406
26,bmi,kruskal,validacao_vs_amostra_2,0.3744097508955565
26,bmi,kruskal,validacao_vs_amostra_3,0.9089881402131826
26,systolic_bp,kruskal,validacao_vs_amostra_1,0.8125924716953525
26,systolic_bp,kruskal,validacao_vs_amostra_2,0.24106621503222464
26,systolic_bp,kruskal,validacao_vs_amostra_3,0.8801470309582646
26,cholesterol_total,kruskal,validacao_vs_amostra_1,0.24679137350706665
26,cholesterol_total,kruskal,validacao_vs_amostra_2,0.2539034940078557
26,cholesterol_total,kruskal,validacao_vs_amostra_3,0.2868319422473952
26,mmse,kruskal,validacao_vs_amostra_1,0.5610580781516701
26,mmse,kruskal,validacao_vs_amostra_2,0.16775942555963885
26,mmse,kruskal,validacao_vs_amostra_3,0.9607931167721562
26,adl,kruskal,validacao_vs_amostra_1,0.1674608600098731
26,adl,kruskal,validacao_vs_amostra_2,0.7478922289648252
26,adl,kruskal,validacao_vs_amostra_3,0.5631507516430433
26,age,pearson,validacao,"[None, 0.658487726532127, 0.8438280783145441, 0.36563180031942916, 0.2887701992601568, 0.15436361985000055]"
26,bmi,pearson,validacao,"[0.658487726532127, None, 0.33512805743332785, 0.9525437776714335, 0.6048260074210076, 0.5014205418072528]"
26,systolic_bp,pearson,validacao,"[0.8438280783145441, 0.33512805743332785, None, 0.24002266881182446, 0.7681451392202039, 0.28028868134276863]"
26,cholesterol_total,pearson,validacao,"[0.36563180031942916, 0.9525437776714335, 0.24002266881182446, None, 0.2979448932609359, 0.5769626235983052]"
26,mmse,pearson,validacao,"[0.2887701992601568, 0.6048260074210076, 0.7681451392202039, 0.2979448932609359, None, 0.17269660225950834]"
26,adl,pearson,validacao,"[0.15436361985000055, 0.5014205418072528, 0.28028868134276863, 0.5769626235983052, 0.17269660225950834, None]"
27,age,shapiro,amostra_1,2.0324802604831937e-11
27,age,shapiro,amostra_2,8.478512163179186e-12
27,age,shapiro,amostra_3,6.41788011623845e-11
27,bmi,shapiro,amostra_1,2.9776675569692657e-10
27,bmi,shapiro,amostra_2,8.536119033841771e-11
27,bmi,shapiro,amostra_3,7.451805283942292e-10
27,systolic_bp,shapiro,amostra_1,2.552237934883017e-11
27,systolic_bp,shapiro,amostra_2,2.0097522604456408e-11
27,systolic_bp,shapiro,amostra_3,7.74926303681589e-11
27,cholesterol_total,shapiro,amostra_1,3.472567233764323e-10
27,cholesterol_total,shapiro,amostra_2,1.2906161382664205e-11
27,cholesterol_total,shapiro,amostra_3,9.478283713448832e-10
27,mmse,shapiro,amostra_1,2.8283042574628325e-11
27,mmse,shapiro,amostra_2,6.177546252317256e-10
27,mmse,shapiro,amostra_3,3.439759241330442e-11
27,adl,shapiro,amostra_1,4.867597210717056e-12
27,adl,shapiro,amostra_2,1.281974110201034e-10
27,adl,shapiro,amostra_3,3.4325459141726355e-11
27,age,kruskal,amostra_1_vs_amostra_2,0.1694310840786127
27,age,kruskal,amostra_1_vs_amostra_3,0.7387587582652344
27,age,kruskal,amostra_2_vs_amostra_3,0.29465937462031955
27,bmi,kruskal,amostra_1_vs_amostra_2,0.11604535801103107
27,bmi,kruskal,amostra_1_vs_amostra_3,0.14025433068386522
27,bmi,kruskal,amostra_2_vs_amostra_3,0.9009352773242797
27,systolic_bp,kruskal,amostra_1_vs_amostra_2,0.8584876518663612
27,systolic_bp,kruskal,amostra_1_vs_amostra_3,0.32863173747191954
27,systolic_bp,kruskal,amostra_2_vs_amostra_3,0.44574207495345564
27,cholesterol_total,kruskal,amostra_1_vs_amostra_2,0.18655398870237527
27,cholesterol_total,kruskal,amostra_1_vs_amostra_3,0.08883660607487642
27,cholesterol_total,kruskal,amostra_2_vs_amostra_3,0.7559401576240206
27,mmse,kruskal,amostra_1_vs_amostra_2,0.15627348327085136
27,mmse,kruskal,amostra_1_vs_amostra_3,0.18873711297886342
27,mmse,kruskal,amostra_2_vs_amostra_3,0.9557668787114836
27,adl,kruskal,amostra_1_vs_amostra_2,0.025542432952678534
27,adl,kruskal,amostra_1_vs_amostra_3,0.22872604706055638
27,adl,kruskal,amostra_2_vs_amostra_3,0.2898444320661899
27,age,pearson,amostra_1,"[None, 0.8713921551512469, 0.7999925235831118, 0.8940959435532226, 0.6136267444476678, 0.7856484849502344]"
27,age,pearson,amostra_2,"[None, 0.4742382781134795, 0.15999475212068467, 0.25777311999142816, 0.7513018546263328, 0.32774400927618774]"
27,age,pearson,amostra_3,"[None, 0.35125084904899523, 0.7013572580814127, 0.36963162742978456, 0.9903238819788854, 0.18649260563743555]"
27,bmi,pearson,amostra_1,"[0.8713921551512469, None, 0.09125200781253576, 0.8598547970336579, 0.7022582832144685, 0.887166105179334]"
27,bmi,pearson,amostra_2,"[0.4742382781134795, None, 0.6744523190948781, 0.30084263583702253, 0.5835997058950593, 0.8209231873977316]"
27,bmi,pearson,amostra_3,"[0.35125084904899523, None, 0.9023639181833527, 0.6328570750873547, 0.44908315809745414, 0.7427696439254349]"
27,systolic_bp,pearson,amostra_1,"[0.7999925235831118, 0.09125200781253576, None, 0.6495409532480709, 0.7101810614338353, 0.5762116949379533]"
27,systolic_bp,pearson,amostra_2,"[0.15999475212068467, 0.6744523190948781, None, 0.5965778508931883, 0.25986990138916793, 0.7252015797420128]"
27,systolic_bp,pearson,amostra_3,"[0.7013572580814127, 0.9023639181833527, None, 0.5351155497489913, 0.5465347178874715, 0.1841502008625889]"
27,cholesterol_total,pearson,amostra_1,"[0.8940959435532226, 0.8598547970336579, 0.6495409532480709, None, 0.2659890396921483, 0.2823959462975909]"
27,cholesterol_total,pearson,amostra_2,"[0.25777311999142816, 0.30084263583702253, 0.5965778508931883, None, 0.5685449142038709, 0.26784381646346445]"
27,cholesterol_total,pearson,amostra_3,"[0.36963162742978456, 0.6328570750873547, 0.5351155497489913, None, 0.5237943786860131, 0.4140231997156238]"
27,mmse,pearson,amostra_1,"[0.6136267444476678, 0.7022582832144685, 0.7101810614338353, 0.2659890396921483, None, 0.3511803124780789]"
27,mmse,pearson,amostra_2,"[0.7513018546263328, 0.5835997058950593, 0.25986990138916793, 0.5685449142038709, None, 0.9370121611557636]"
27,mmse,pearson,amostra_3,"[0.9903238819788854, 0.44908315809745414, 0.5465347178874715, 0.5237943786860131, None, 0.19555255531624505]"
27,adl,pearson,amostra_1,"[0.7856484849502344, 0.887166105179334, 0.5762116949379533, 0.2823959462975909, 0.3511803124780789, None]"
27,adl,pearson,amostra_2,"[0.32774400927618774, 0.8209231873977316, 0.7252015797420128, 0.26784381646346445, 0.9370121611557636, None]"
27,adl,pearson,amostra_3,"[0.18649260563743555, 0.7427696439254349, 0.1841502008625889, 0.4140231997156238, 0.19555255531624505, None]"
27,age,shapiro,validacao,6.941624060502818e-14
27,bmi,shapiro,validacao,1.2079956175983786e-12
27,systolic_bp,shapiro,validacao,7.408151240888283e-13
27,cholesterol_total,shapiro,validacao,3.513551645809021e-12
27,mmse,shapiro,validacao,9.389410364664397e-14
27,adl,shapiro,validacao,6.202257301767423e-15
27,age,kruskal,validacao_vs_amostra_1,0.5802795452934635
27,age,kruskal,validacao_vs_amostra_2,0.35323490213457986
27,age,kruskal,validacao_vs_amostra_3,0.8523895337916095
27,bmi,kruskal,validacao_vs_amostra_1,0.28012929712891477
27,bmi,kruskal,validacao_vs_amostra_2,0.528858007458852
27,bmi,kruskal,validacao_vs_amostra_3,0.6129715487977776
27,systolic_bp,kruskal,validacao_vs_amostra_1,0.5670556465094007
27,systolic_bp,kruskal,validacao_vs_amostra_2,0.7328612574995181
27,systolic_bp,kruskal,validacao_vs_amostra_3,0.641894905145362
27,cholesterol_total,kruskal,validacao_vs_amostra_1,0.04081986352919223
27,cholesterol_total,kruskal,validacao_vs_amostra_2,0.5657718757323031
27,cholesterol_total,kruskal,validacao_vs_amostra_3,0.8600041747391634
27,mmse,kruskal,validacao_vs_amostra_1,0.27694670116922837
27,mmse,kruskal,validacao_vs_amostra_2,0.6576205955383416
27,mmse,kruskal,validacao_vs_amostra_3,0.7194200661108572
27,adl,kruskal,validacao_vs_amostra_1,0.7764152832783735
27,adl,kruskal,validacao_vs_amostra_2,0.0266381961691224
27,adl,kruskal,validacao_vs_amostra_3,0.2734489239331349
27,age,pearson,validacao,"[None, 0.5305039601068168, 0.676017060937679, 0.8468771658595071, 0.98432848952104, 0.13634359891753176]"
27,bmi,pearson,validacao,"[0.5305039601068168, None, 0.3674518147780737, 0.42266768276274125, 0.5913678277334653, 0.8199403193687033]"
27,systolic_bp,pearson,validacao,"[0.676017060937679, 0.3674518147780737, None, 0.9225875108484408, 0.5843248179625289, 0.27916956781810903]"
27,cholesterol_total,pearson,validacao,"[0.8468771658595071, 0.42266768276274125, 0.9225875108484408, None, 0.25242011808582526, 0.4839850747568871]"
27,mmse,pearson,validacao,"[0.98432848952104, 0.5913678277334653, 0.5843248179625289, 0.25242011808582526, None, 0.19660826544279]"
27,adl,pearson,validacao,"[0.13634359891753176, 0.8199403193687033, 0.27916956781810903, 0.4839850747568871, 0.19660826544279, None]"
28,age,shapiro,amostra_1,1.8431230500159934e-11
28,age,shapiro,amostra_2,8.875065959923489e-11
28,age,shapiro,amostra_3,2.4109544916051107e-10
28,bmi,shapiro,amostra_1,3.1419603030435894e-10
28,bmi,shapiro,amostra_2,9.433685083104493e-11
28,bmi,shapiro,amostra_3,5.378311129788926e-10
28,systolic_bp,shapiro,amostra_1,1.6692187562727945e-11
28,systolic_bp,shapiro,amostra_2,2.5847620918617586e-11
28,systolic_bp,shapiro,amostra_3,8.620480197729652e-12
28,cholesterol_total,shapiro,amostra_1,3.898193767781777e-09
28,cholesterol_total,shapiro,amostra_2,1.9241018500704143e-10
28,cholesterol_total,shapiro,amostra_3,1.7716558220470802e-09
28,mmse,shapiro,amostra_1,1.5740846126544028e-11
28,mmse,shapiro,amostra_2,1.6846632422407026e-10
28,mmse,shapiro,amostra_3,2.629401210652027e-11
28,adl,shapiro,amostra_1,2.129123127803112e-10
28,adl,shapiro,amostra_2,2.9683211184156066e-12
28,adl,shapiro,amostra_3,6.16582410128963e-11
28,age,kruskal,amostra_1_vs_amostra_2,0.43158683542358
28,age,kruskal,amostra_1_vs_amostra_3,0.4621596329625718
28,age,kruskal,amostra_2_vs_amostra_3,0.9229828197497221
28,bmi,kruskal,amostra_1_vs_amostra_2,0.7698732727171304
28,bmi,kruskal,amostra_1_vs_amostra_3,0.528065038958177
28,bmi,kruskal,amostra_2_vs_amostra_3,0.7289869413657487
28,systolic_bp,kruskal,amostra_1_vs_amostra_2,0.49151907456462973
28,systolic_bp,kruskal,amostra_1_vs_amostra_3,0.4769842795730723
28,systolic_bp,kruskal,amostra_2_vs_amostra_3,0.16652445247032305
28,cholesterol_total,kruskal,amostra_1_vs_amostra_2,0.8112114455508439
28,cholesterol_total,kruskal,amostra_1_vs_amostra_3,0.5692842444040558
28,cholesterol_total,kruskal,amostra_2_vs_amostra_3,0.42154026035098746
28,mmse,kruskal,amostra_1_vs_amostra_2,0.9408087234114174
28,mmse,kruskal,amostra_1_vs_amostra_3,0.06260883543460183
28,mmse,kruskal,amostra_2_vs_amostra_3,0.06844212296427506
28,adl,kruskal,amostra_1_vs_amostra_2,0.5729322760493853
28,adl,kruskal,amostra_1_vs_amostra_3,0.3895154849706317
28,adl,kruskal,amostra_2_vs_amostra_3,0.777700892050759
28,age,pearson,amostra_1,"[None, 0.3561111518721078, 0.44717370565724684, 0.06656885625139666, 0.45382947724220857, 0.4301567767638072]"
28,age,pearson,amostra_2,"[None, 0.14284076337748114, 0.05480325990792125, 0.5892018438248866, 0.8784460271746161, 0.24596347225547432]"
28,age,pearson,amostra_3,"[None, 0.28622776609539907, 0.8910791753206831, 0.09520080646609747, 0.9882978604627741, 0.1706944600640968]"
28,bmi,pearson,amostra_1,"[0.3561111518721078, None, 0.9089280906802464, 0.7468863428256376, 0.849845286531686, 0.9138102929417307]"
28,bmi,pearson,amostra_2,"[0.14284076337748114, None, 0.4701187241257976, 0.9203235580537731, 0.31924249364041735, 0.45008690620080083]"
28,bmi,pearson,amostra_3,"[0.28622776609539907, None, 0.8486047195873541, 0.23072370024262892, 0.5293342120120248, 0.7354264287180453]"
28,systolic_bp,pearson,amostra_1,"[0.44717370565724684, 0.9089280906802464, None, 0.796327143639254, 0.7412453931546372, 0.264222004473772]"
28,systolic_bp,pearson,amostra_2,"[0.05480325990792125, 0.4701187241257976, None, 0.04985448823374489, 0.10758223040753245, 0.14587570899744068]"
28,systolic_bp,pearson,amostra_3,"[0.8910791753206831, 0.8486047195873541, None, 0.22148958540258057, 0.11486151903073907, 0.6522536648145948]"
28,cholesterol_total,pearson,amostra_1,"[0.06656885625139666, 0.7468863428256376, 0.796327143639254, None, 0.11542989304267819, 0.952925779638715]"
28,cholesterol_total,pearson,amostra_2,"[0.5892018438248866, 0.9203235580537731, 0.04985448823374489, None, 0.4531228719014634, 0.6122022365595496]"
28,cholesterol_total,pearson,amostra_3,"[0.09520080646609747, 0.23072370024262892, 0.22148958540258057, None, 0.7428633815477492, 0.5034731454059121]"
28,mmse,pearson,amostra_1,"[0.45382947724220857, 0.849845286531686, 0.7412453931546372, 0.11542989304267819, None, 0.8039279077039364]"
28,mmse,pearson,amostra_2,"[0.8784460271746161, 0.31924249364041735, 0.10758223040753245, 0.4531228719014634, None, 0.9512659335268818]"
28,mmse,pearson,amostra_3,"[0.9882978604627741, 0.5293342120120248, 0.11486151903073907, 0.7428633815477492, None, 0.6213558519925444]"
28,adl,pearson,amostra_1,"[0.4301567767638072, 0.9138102929417307, 0.264222004473772, 0.952925779638715, 0.8039279077039364, None]"
28,adl,pearson,amostra_2,"[0.24596347225547432, 0.45008690620080083, 0.14587570899744068, 0.6122022365595496, 0.9512659335268818, None]"
28,adl,pearson,amostra_3,"[0.1706944600640968, 0.7354264287180453, 0.6522536648145948, 0.5034731454059121, 0.6213558519925444, None]"
28,age,shapiro,validacao,5.172324699619091e-14
28,bmi,shapiro,validacao,1.3259259142028856e-12
28,systolic_bp,shapiro,validacao,6.370455378490458e-13
28,cholesterol_total,shapiro,validacao,3.9608220132533734e-13
28,mmse,shapiro,validacao,7.388988916166503e-14
28,adl,shapiro,validacao,2.557615306608002e-14
28,age,kruskal,validacao_vs_amostra_1,0.5516582579472029
28,age,kruskal,validacao_vs_amostra_2,0.7823932558713496
28,age,kruskal,validacao_vs_amostra_3,0.8615277666892196
28,bmi,kruskal,validacao_vs_amostra_1,0.9920318178778996
28,bmi,kruskal,validacao_vs_amostra_2,0.7865393630955592
28,bmi,kruskal,validacao_vs_amostra_3,0.48711368254304277
28,systolic_bp,kruskal,validacao_vs_amostra_1,0.18839097313766268
28,systolic_bp,kruskal,validacao_vs_amostra_2,0.044254738171345356
28,systolic_bp,kruskal,validacao_vs_amostra_3,0.6099514210378247
28,cholesterol_total,kruskal,validacao_vs_amostra_1,0.5219023430962273
28,cholesterol_total,kruskal,validacao_vs_amostra_2,0.7052538134895044
28,cholesterol_total,kruskal,validacao_vs_amostra_3,0.21959682811006206
28,mmse,kruskal,validacao_vs_amostra_1,0.5888193461325013
28,mmse,kruskal,validacao_vs_amostra_2,0.5723501976631257
28,mmse,kruskal,validacao_vs_amostra_3,0.009676971941583958
28,adl,kruskal,validacao_vs_amostra_1,0.7552503292637425
28,adl,kruskal,validacao_vs_amostra_2,0.7635178142869741
28,adl,kruskal,validacao_vs_amostra_3,0.5393151643970315
28,age,pearson,validacao,"[None, 0.9142304935428803, 0.1330175742924728, 0.011859302848199558, 0.9399415095075959, 0.13429548334755095]"
28,bmi,pearson,validacao,"[0.9142304935428803, None, 0.9536905617116093, 0.759036061586746, 0.7600455796072628, 0.5887635078600231]"
28,systolic_bp,pearson,validacao,"[0.1330175742924728, 0.9536905617116093, None, 0.7026231117943303, 0.1914750021933061, 0.41750084912077967]"
28,cholesterol_total,pearson,validacao,"[0.011859302848199558, 0.759036061586746, 0.7026231117943303, None, 0.9156130538180144, 0.8506097497246947]"
28,mmse,pearson,validacao,"[0.9399415095075959, 0.7600455796072628, 0.1914750021933061, 0.9156130538180144, None, 0.9045992110774789]"
28,adl,pearson,validacao,"[0.13429548334755095, 0.5887635078600231, 0.41750084912077967, 0.8506097497246947, 0.9045992110774789, None]"
29,age,shapiro,amostra_1,2.8154230682919668e-11
29,age,shapiro,amostra_2,8.038941040622305e-12
29,age,shapiro,amostra_3,1.2291849829648704e-11
29,bmi,shapiro,amostra_1,1.3544252525088396e-11
29,bmi,shapiro,amostra_2,2.3746912422573097e-11
29,bmi,shapiro,amostra_3,2.9067174014962838e-11
29,systolic_bp,shapiro,amostra_1,2.674665697255385e-11
29,systolic_bp,shapiro,amostra_2,1.5062855476810633e-11
29,systolic_bp,shapiro,amostra_3,4.965755931451987e-11
29,cholesterol_total,shapiro,amostra_1,6.359781451470425e-11
29,cholesterol_total,shapiro,amostra_2,7.004394460274899e-12
29,cholesterol_total,shapiro,amostra_3,4.8916086459183106e-11
29,mmse,shapiro,amostra_1,3.66774700888417e-11
29,mmse,shapiro,amostra_2,2.396565758344682e-11
29,mmse,shapiro,amostra_3,1.356397524680808e-12
29,adl,shapiro,amostra_1,5.2238761927281274e-11
29,adl,shapiro,amostra_2,2.4431222669929475e-11
29,adl,shapiro,amostra_3,1.7880585900797996e-11
29,age,kruskal,amostra_1_vs_amostra_2,0.2402731777404974
29,age,kruskal,amostra_1_vs_amostra_3,0.5761928248109669
29,age,kruskal,amostra_2_vs_amostra_3,0.5251466812842152
29,bmi,kruskal,amostra_1_vs_amostra_2,0.5235622913687747
29,bmi,kruskal,amostra_1_vs_amostra_3,0.6596412654019768
29,bmi,kruskal,amostra_2_vs_amostra_3,0.27351023058696694
29,systolic_bp,kruskal,amostra_1_vs_amostra_2,0.39321734745012116
29,systolic_bp,kruskal,amostra_1_vs_amostra_3,0.33595854782551493
29,systolic_bp,kruskal,amostra_2_vs_amostra_3,0.9234285230268728
29,cholesterol_total,kruskal,amostra_1_vs_amostra_2,0.11328369036715412
29,cholesterol_total,kruskal,amostra_1_vs_amostra_3,0.5216504740961752
29,cholesterol_total,kruskal,amostra_2_vs_amostra_3,0.3193280723727042
29,mmse,kruskal,amostra_1_vs_amostra_2,0.17239430160436897
29,mmse,kruskal,amostra_1_vs_amostra_3,0.8950693156217759
29,mmse,kruskal,amostra_2_vs_amostra_3,0.1547487147399057
29,adl,kruskal,amostra_1_vs_amostra_2,0.8711627071275779
29,adl,kruskal,amostra_1_vs_amostra_3,0.11536480977025808
29,adl,kruskal,amostra_2_vs_amostra_3,0.1532720598307097
29,age,pearson,amostra_1,"[None, 0.33317194942282025, 0.7583553026769162, 0.6520057607550437, 0.7341341168715187, 0.046289082807173226]"
29,age,pearson,amostra_2,"[None, 0.5862210891922568, 0.05034642737463439, 0.5269335479120443, 0.5215425259819239, 0.342149959894537]"
29,age,pearson,amostra_3,"[None, 0.005042479269273637, 0.6248606614042115, 0.7873125564334547, 0.17438082217384482, 0.9648855379180334]"
29,bmi,pearson,amostra_1,"[0.33317194942282025, None, 0.3479246012382478, 0.9492954283555681, 0.492370012593357, 0.28041133574244004]"
29,bmi,pearson,amostra_2,"[0.5862210891922568, None, 0.11909007270978499, 0.6154252216376797, 0.16693657336266693, 0.37957231791956264]"
29,bmi,pearson,amostra_3,"[0.005042479269273637, None, 0.5678865841490484, 0.03526883607758231, 0.9638585244482716, 0.6266787342832402]"
29,systolic_bp,pearson,amostra_1,"[0.7583553026769162, 0.3479246012382478, None, 0.1727835389252133, 0.627028761259592, 0.6339292869505401]"
29,systolic_bp,pearson,amostra_2,"[0.05034642737463439, 0.11909007270978499, None, 0.4129379268922101, 0.574017073322831, 0.2986055299354156]"
29,systolic_bp,pearson,amostra_3,"[0.6248606614042115, 0.5678865841490484, None, 0.2004944041127958, 0.03257142004527894, 0.8376386259945341]"
29,cholesterol_total,pearson,amostra_1,"[0.6520057607550437, 0.9492954283555681, 0.1727835389252133, None, 0.5072298199286275, 0.023196581153406157]"
29,cholesterol_total,pearson,amostra_2,"[0.5269335479120443, 0.6154252216376797, 0.4129379268922101, None, 0.8636217987792716, 0.7287569410261998]"
29,cholesterol_total,pearson,amostra_3,"[0.7873125564334547, 0.03526883607758231, 0.2004944041127958, None, 0.823440755662723, 0.5606205647070702]"
29,mmse,pearson,amostra_1,"[0.7341341168715187, 0.492370012593357, 0.627028761259592, 0.5072298199286275, None, 0.21089393789531796]"
29,mmse,pearson,amostra_2,"[0.5215425259819239, 0.16693657336266693, 0.574017073322831, 0.8636217987792716, None, 0.9965981170578699]"
29,mmse,pearson,amostra_3,"[0.17438082217384482, 0.9638585244482716, 0.03257142004527894, 0.823440755662723, None, 0.5773263966313252]"
29,adl,pearson,amostra_1,"[0.046289082807173226, 0.28041133574244004, 0.6339292869505401, 0.023196581153406157, 0.21089393789531796, None]"
29,adl,pearson,amostra_2,"[0.342149959894537, 0.37957231791956264, 0.2986055299354156, 0.7287569410261998, 0.9965981170578699, None]"
29,adl,pearson,amostra_3,"[0.9648855379180334, 0.6266787342832402, 0.8376386259945341, 0.5606205647070702, 0.5773263966313252, None]"
29,age,shapiro,validacao,2.074897464130268e-13
29,bmi,shapiro,validacao,1.1082326462769077e-12
29,systolic_bp,shapiro,validacao,1.0491693234679356e-12
29,cholesterol_total,shapiro,validacao,1.1909361517792316e-11
29,mmse,shapiro,validacao,1.983589345295328e-13
29,adl,shapiro,validacao,2.4166076989995053e-14
29,age,kruskal,validacao_vs_amostra_1,0.24308781888849257
29,age,kruskal,validacao_vs_amostra_2,0.8520826713792171
29,age,kruskal,validacao_vs_amostra_3,0.5672616155925172
29,bmi,kruskal,validacao_vs_amostra_1,0.9262244656261203
29,bmi,kruskal,validacao_vs_amostra_2,0.5566236835601377
29,bmi,kruskal,validacao_vs_amostra_3,0.5078849480668055
29,systolic_bp,kruskal,validacao_vs_amostra_1,0.6189476061292543
29,systolic_bp,kruskal,validacao_vs_amostra_2,0.6579462166269061
29,systolic_bp,kruskal,validacao_vs_amostra_3,0.5631209208442758
29,cholesterol_total,kruskal,validacao_vs_amostra_1,0.09651713227455715
29,cholesterol_total,kruskal,validacao_vs_amostra_2,0.845860130908011
29,cholesterol_total,kruskal,validacao_vs_amostra_3,0.3542145070324173
29,mmse,kruskal,validacao_vs_amostra_1,0.25576442896959367
29,mmse,kruskal,validacao_vs_amostra_2,0.7000751341610731
29,mmse,kruskal,validacao_vs_amostra_3,0.21076930181916453
29,adl,kruskal,validacao_vs_amostra_1,0.6425446774293642
29,adl,kruskal,validacao_vs_amostra_2,0.5283505545983443
29,adl,kruskal,validacao_vs_amostra_3,0.034086739722630995
29,age,pearson,validacao,"[None, 0.20960236784114444, 0.6711366655351728, 0.31684985121278386, 0.3689717963096809, 0.7092668876137713]"
29,bmi,pearson,validacao,"[0.20960236784114444, None, 0.4281480238085272, 0.0882081348519548, 0.31055404908328926, 0.44439193669781635]"
29,systolic_bp,pearson,validacao,"[0.6711366655351728, 0.4281480238085272, None, 0.1797682790165588, 0.4551987494655978, 0.15043557964546156]"
29,cholesterol_total,pearson,validacao,"[0.31684985121278386, 0.0882081348519548, 0.1797682790165588, None, 0.36535003022540297, 0.09221164897682817]"
29,mmse,pearson,validacao,"[0.3689717963096809, 0.31055404908328926, 0.4551987494655978, 0.36535003022540297, None, 0.40579552850374295]"
29,adl,pearson,validacao,"[0.7092668876137713, 0.44439193669781635, 0.15043557964546156, 0.09221164897682817, 0.40579552850374295, None]"
30,age,shapiro,amostra_1,6.292853391154374e-12
30,age,shapiro,amostra_2,1.6252240872538515e-11
30,age,shapiro,amostra_3,2.6429664012894705e-10
30,bmi,shapiro,amostra_1,2.1071915046189105e-10
30,bmi,shapiro,amostra_2,2.151920586168643e-10
30,bmi,shapiro,amostra_3,4.986005011642369e-11
30,systolic_bp,shapiro,amostra_1,4.0504055665024907e-10
30,systolic_bp,shapiro,amostra_2,8.406707621699816e-12
30,systolic_bp,shapiro,amostra_3,5.304834904684697e-10
30,cholesterol_total,shapiro,amostra_1,1.0546965967250799e-08
30,cholesterol_total,shapiro,amostra_2,4.53465771876882e-11
30,cholesterol_total,shapiro,amostra_3,1.2181439190683818e-10
30,mmse,shapiro,amostra_1,1.0651417248208617e-11
30,mmse,shapiro,amostra_2,1.3904892862126594e-11
30,mmse,shapiro,amostra_3,2.6763256541495473e-11
30,adl,shapiro,amostra_1,7.216107572594055e-11
30,adl,shapiro,amostra_2,2.0466588493417426e-11
30,adl,shapiro,amostra_3,3.4953448555669064e-12
30,age,kruskal,amostra_1_vs_amostra_2,0.10329826936956854
30,age,kruskal,amostra_1_vs_amostra_3,0.22089009320868064
30,age,kruskal,amostra_2_vs_amostra_3,0.6878363720171139
30,bmi,kruskal,amostra_1_vs_amostra_2,0.8090318871395216
30,bmi,kruskal,amostra_1_vs_amostra_3,0.29388156063599935
30,bmi,kruskal,amostra_2_vs_amostra_3,0.4405350426543978
30,systolic_bp,kruskal,amostra_1_vs_amostra_2,0.4555625784606516
30,systolic_bp,kruskal,amostra_1_vs_amostra_3,0.5272800095943422
30,systolic_bp,kruskal,amostra_2_vs_amostra_3,0.9297244705061989
30,cholesterol_total,kruskal,amostra_1_vs_amostra_2,0.8478737682479676
30,cholesterol_total,kruskal,amostra_1_vs_amostra_3,0.9764479130530979
30,cholesterol_total,kruskal,amostra_2_vs_amostra_3,0.9481328876717995
30,mmse,kruskal,amostra_1_vs_amostra_2,0.4144880903749143
30,mmse,kruskal,amostra_1_vs_amostra_3,0.4561397950366225
30,mmse,kruskal,amostra_2_vs_amostra_3,0.11604536695647313
30,adl,kruskal,amostra_1_vs_amostra_2,0.9725749603270194
30,adl,kruskal,amostra_1_vs_amostra_3,0.8460721469292087
30,adl,kruskal,amostra_2_vs_amostra_3,0.7865339545217198
30,age,pearson,amostra_1,"[None, 0.21974100738043081, 0.14401330248203179, 0.21547500899765432, 0.4916815619494029, 0.6305372195719302]"
30,age,pearson,amostra_2,"[None, 0.22913996053672536, 0.4245834281068943, 0.946732400679789, 0.8973058783710716, 0.2654815181029359]"
30,age,pearson,amostra_3,"[None, 0.5419644660584879, 0.2336992384962429, 0.3090805241518761, 0.3619812719293789, 0.3952775669476042]"
30,bmi,pearson,amostra_1,"[0.21974100738043081, None, 0.9403512564707148, 0.39492956683893754, 0.48895732084416654, 0.2000314290047433]"
30,bmi,pearson,amostra_2,"[0.22913996053672536, None, 0.079712808674265, 0.10017180935961588, 0.4374989987765826, 0.8868841291124318]"
30,bmi,pearson,amostra_3,"[0.5419644660584879, None, 0.3852570483967901, 0.3597165279585379, 0.6646727895725463, 0.7211840087744912]"
30,systolic_bp,pearson,amostra_1,"[0.14401330248203179, 0.9403512564707148, None, 0.1265637705522832, 0.4644662605731385, 0.5354483695280583]"
30,systolic_bp,pearson,amostra_2,"[0.4245834281068943, 0.079712808674265, None, 0.00856906721987035, 0.3677016325078444, 0.7265763958608695]"
30,systolic_bp,pearson,amostra_3,"[0.2336992384962429, 0.3852570483967901, None, 0.05759028645493408, 0.2509067531327151, 0.01671855551955631]"
30,cholesterol_total,pearson,amostra_1,"[0.21547500899765432, 0.39492956683893754, 0.1265637705522832, None, 0.9219181189941003, 0.33283816826404894]"
30,cholesterol_total,pearson,amostra_2,"[0.946732400679789, 0.10017180935961588, 0.00856906721987035, None, 0.4185019086242323, 0.6564273252734781]"
30,cholesterol_total,pearson,amostra_3,"[0.3090805241518761, 0.3597165279585379, 0.05759028645493408, None, 0.5505934896425679, 0.8057972120980267]"
30,mmse,pearson,amostra_1,"[0.4916815619494029, 0.48895732084416654, 0.4644662605731385, 0.9219181189941003, None, 0.22036146931523456]"
30,mmse,pearson,amostra_2,"[0.8973058783710716, 0.4374989987765826, 0.3677016325078444, 0.4185019086242323, None, 0.7355071920874913]"
30,mmse,pearson,amostra_3,"[0.3619812719293789, 0.6646727895725463, 0.2509067531327151, 0.5505934896425679, None, 0.7260272283129365]"
30,adl,pearson,amostra_1,"[0.6305372195719302, 0.2000314290047433, 0.5354483695280583, 0.33283816826404894, 0.22036146931523456, None]"
30,adl,pearson,amostra_2,"[0.2654815181029359, 0.8868841291124318, 0.7265763958608695, 0.6564273252734781, 0.7355071920874913, None]"
30,adl,pearson,amostra_3,"[0.3952775669476042, 0.7211840087744912, 0.01671855551955631, 0.8057972120980267, 0.7260272283129365, None]"
30,age,shapiro,validacao,1.0395729551715763e-13
30,bmi,shapiro,validacao,5.369650579213625e-13
30,systolic_bp,shapiro,validacao,5.129542623993899e-13
30,cholesterol_total,shapiro,validacao,4.889530078565352e-13
30,mmse,shapiro,validacao,9.415670283383082e-13
30,adl,shapiro,validacao,1.0500441289314644e-14
30,age,kruskal,validacao_vs_amostra_1,0.5259014134589206
30,age,kruskal,validacao_vs_amostra_2,0.23079888877079377
30,age,kruskal,validacao_vs_amostra_3,0.5055371674772494
30,bmi,kruskal,validacao_vs_amostra_1,0.2868319422473952
30,bmi,kruskal,validacao_vs_amostra_2,0.47121468632938013
30,bmi,kruskal,validacao_vs_amostra_3,0.9212959079792269
30,systolic_bp,kruskal,validacao_vs_amostra_1,0.6240833330698332
30,systolic_bp,kruskal,validacao_vs_amostra_2,0.241219687383391
30,systolic_bp,kruskal,validacao_vs_amostra_3,0.2214604889068634
30,cholesterol_total,kruskal,validacao_vs_amostra_1,0.9223737783654457
30,cholesterol_total,kruskal,validacao_vs_amostra_2,0.8638142070106254
30,cholesterol_total,kruskal,validacao_vs_amostra_3,0.9257622900971187
30,mmse,kruskal,validacao_vs_amostra_1,0.1915056766697015
30,mmse,kruskal,validacao_vs_amostra_2,0.6806385275501361
30,mmse,kruskal,validacao_vs_amostra_3,0.02589169551308914
30,adl,kruskal,validacao_vs_amostra_1,0.9577026647600482
30,adl,kruskal,validacao_vs_amostra_2,0.8976228052273285
30,adl,kruskal,validacao_vs_amostra_3,0.8772501519583418
30,age,pearson,validacao,"[None, 0.477930033464754, 0.7936283332881418, 0.8573944875326835, 0.19391240766742643, 0.8338064098600686]"
30,bmi,pearson,validacao,"[0.477930033464754, None, 0.44298284913191066, 0.2968159446194885, 0.6813051042869149, 0.29457117600179344]"
30,systolic_bp,pearson,validacao,"[0.7936283332881418, 0.44298284913191066, None, 0.6419317360177814, 0.4832986973675386, 0.9164761135173582]"
30,cholesterol_total,pearson,validacao,"[0.8573944875326835, 0.2968159446194885, 0.6419317360177814, None, 0.8369249167256806, 0.36646417725031416]"
30,mmse,pearson,validacao,"[0.19391240766742643, 0.6813051042869149, 0.4832986973675386, 0.8369249167256806, None, 0.9776742198991535]"
30,adl,pearson,validacao,"[0.8338064098600686, 0.29457117600179344, 0.9164761135173582, 0.36646417725031416, 0.9776742198991535, None]"
